deck_name,leader,leader_color,total_cards,avg_cost,avg_power,searchers,draw_power,blockers,rush,double_atk,triggers,banish,unblockable,counters_2k,counters_1k,low_cost_1,low_cost_2,events,characters,stages,searcher_ratio,counter_ratio,blocker_ratio,event_ratio,placing,url,performance_score,leader_winrate
Yellow Luffyby Kevin Pires,OP15-098,Yellow,50,4.12,5065.0,27,4,11,7,0,7,0,0,14,21,8,16,4,46,0,0.54,0.7,0.22,0.08,1,https://onepiece.limitlesstcg.com/decks/list/6353,100,49.71
Purple Enelby Roy Choi,OP15-058,Purple,50,1.84,4069.0,14,23,7,4,3,3,0,0,0,22,13,34,21,29,0,0.28,0.44,0.14,0.42,2,https://onepiece.limitlesstcg.com/decks/list/6387,97,53.22
Blue/Yellow Namiby moy,OP11-041,Blue Yellow,50,4.54,6087.0,17,6,9,0,0,23,0,1,10,19,4,12,0,46,0,0.34,0.58,0.18,0.0,3,https://onepiece.limitlesstcg.com/decks/list/6272,94,48.3
Blue/Yellow Namiby Gerardo Lopez,OP11-041,Blue Yellow,50,4.54,6087.0,17,6,9,0,0,23,0,1,10,19,4,12,0,46,0,0.34,0.58,0.18,0.0,4,https://onepiece.limitlesstcg.com/decks/list/6272,91,48.3
Blue/Yellow Namiby JT Lara,OP11-041,Blue Yellow,50,4.54,6087.0,17,6,9,0,0,23,0,1,10,19,4,12,0,46,0,0.34,0.58,0.18,0.0,5,https://onepiece.limitlesstcg.com/decks/list/6272,88,48.3
Purple Enelby Kevin Zhao,OP15-058,Purple,50,1.64,3963.0,15,27,7,4,0,3,0,0,0,21,14,37,23,27,0,0.3,0.42,0.14,0.46,6,https://onepiece.limitlesstcg.com/decks/list/6377,85,53.22
Purple Enelby Shane Nam,OP15-058,Purple,50,1.68,4154.0,13,27,8,4,0,3,0,0,0,20,12,36,24,26,0,0.26,0.4,0.16,0.48,7,https://onepiece.limitlesstcg.com/decks/list/6374,82,53.22
Yellow Luffyby Nicholas Pao,OP15-098,Yellow,50,4.16,5065.0,27,4,11,7,0,7,0,0,14,21,8,15,4,46,0,0.54,0.7,0.22,0.08,8,https://onepiece.limitlesstcg.com/decks/list/6388,79,49.71
Purple Enelby Dr.RB,OP15-058,Purple,50,1.72,4111.0,15,25,7,4,0,3,0,0,0,20,13,36,23,27,0,0.3,0.4,0.14,0.46,9,https://onepiece.limitlesstcg.com/decks/list/6389,76,53.22
Red/Blue Lucyby Benjamin Gayraud,OP15-002,Blue Red,50,3.56,4895.0,10,14,13,1,2,11,0,0,8,6,16,18,25,23,2,0.2,0.28,0.26,0.5,10,https://onepiece.limitlesstcg.com/decks/list/6390,73,50.6
Red/Yellow Bonneyby AkemiTCG,EB04-001,Red Yellow,50,4.02,5318.0,12,8,19,4,0,4,0,0,11,22,10,21,6,44,0,0.24,0.66,0.38,0.12,11,https://onepiece.limitlesstcg.com/decks/list/6391,70,46.05
Red/Blue Aceby You got a bye,OP13-002,Blue Red,50,4.98,6838.0,8,20,13,2,0,0,0,0,10,18,14,14,5,45,0,0.16,0.56,0.26,0.1,12,https://onepiece.limitlesstcg.com/decks/list/6392,67,53.43
Purple Enelby Quinton Brown,OP15-058,Purple,50,1.7,4074.0,13,24,6,4,3,3,0,0,0,21,12,35,23,27,0,0.26,0.42,0.12,0.46,13,https://onepiece.limitlesstcg.com/decks/list/6393,64,53.22
Blue/Yellow Namiby BigTeach,OP11-041,Blue Yellow,50,4.54,6295.0,18,8,12,1,0,21,0,1,10,18,5,12,1,46,0,0.36,0.56,0.24,0.02,14,https://onepiece.limitlesstcg.com/decks/list/6394,61,48.3
Purple Enelby Ji Oh,OP15-058,Purple,50,1.62,4038.0,14,27,7,4,0,3,0,0,0,20,13,37,24,26,0,0.28,0.4,0.14,0.48,15,https://onepiece.limitlesstcg.com/decks/list/6395,58,53.22
Red/Blue Lucyby Athavan Thevadasan,OP15-002,Blue Red,50,3.66,5235.0,8,13,15,1,4,14,0,0,8,4,16,20,29,21,0,0.16,0.24,0.3,0.58,16,https://onepiece.limitlesstcg.com/decks/list/6396,55,50.6
Purple Enelby Luka Forjan,OP15-058,Purple,50,1.64,3963.0,15,28,7,4,0,3,0,0,0,21,14,37,23,27,0,0.3,0.42,0.14,0.46,1,https://onepiece.limitlesstcg.com/decks/list/6345,100,53.22
Black Crocodileby boys don't cry,OP14-079,Black,50,3.32,4974.0,10,17,5,0,0,8,0,0,10,20,26,26,12,38,0,0.2,0.6,0.1,0.24,2,https://onepiece.limitlesstcg.com/decks/list/6346,97,49.84
Purple Enelby Xixo,OP15-058,Purple,50,1.66,4077.0,14,27,7,4,0,3,0,0,0,19,13,37,24,26,0,0.28,0.38,0.14,0.48,3,https://onepiece.limitlesstcg.com/decks/list/6347,94,53.22
Blue/Yellow Namiby Lozi,OP11-041,Blue Yellow,50,4.8,6326.0,15,13,18,4,0,8,0,4,10,16,0,8,0,46,0,0.3,0.52,0.36,0.0,4,https://onepiece.limitlesstcg.com/decks/list/6348,91,48.3
Purple Enelby fxelxy,OP15-058,Purple,50,1.7,4074.0,14,27,8,4,0,3,0,0,0,21,13,36,23,27,0,0.28,0.42,0.16,0.46,5,https://onepiece.limitlesstcg.com/decks/list/6349,88,53.22
Green Mihawkby Kuuguya,OP14-020,Green,50,3.6,4897.0,10,5,9,0,0,5,0,0,7,18,21,25,10,39,1,0.2,0.5,0.18,0.2,6,https://onepiece.limitlesstcg.com/decks/list/6350,85,49.78
Purple Enelby Jackson Hoang,OP15-058,Purple,50,1.72,4111.0,13,25,7,4,2,3,0,0,0,21,12,35,23,27,0,0.26,0.42,0.14,0.46,7,https://onepiece.limitlesstcg.com/decks/list/6351,82,53.22
Blue/Yellow Namiby Austin Yost,OP11-041,Blue Yellow,50,4.54,6087.0,17,6,9,0,0,23,0,1,10,19,4,12,0,46,0,0.34,0.58,0.18,0.0,8,https://onepiece.limitlesstcg.com/decks/list/6272,79,48.3
Purple Enelby Bouzyyy,OP15-058,Purple,50,1.68,4240.0,14,25,7,4,0,4,0,0,0,18,12,37,25,25,0,0.28,0.36,0.14,0.5,9,https://onepiece.limitlesstcg.com/decks/list/6352,76,53.22
Yellow Luffyby Phi Nguyen,OP15-098,Yellow,50,4.12,5065.0,27,4,11,7,0,7,0,0,14,21,8,16,4,46,0,0.54,0.7,0.22,0.08,10,https://onepiece.limitlesstcg.com/decks/list/6353,73,49.71
Purple Enelby Victiny,OP15-058,Purple,50,1.7,4074.0,14,26,8,4,0,3,0,0,0,21,13,36,23,27,0,0.28,0.42,0.16,0.46,11,https://onepiece.limitlesstcg.com/decks/list/6354,70,53.22
Blue/Yellow Namiby Russell LaParre,OP11-041,Blue Yellow,50,4.32,5933.0,17,5,11,2,0,19,0,0,10,17,8,15,2,45,0,0.34,0.54,0.22,0.04,12,https://onepiece.limitlesstcg.com/decks/list/6355,67,48.3
Black Crocodileby G3 Lelouch,OP14-079,Black,50,3.4,5000.0,10,16,5,0,0,7,0,0,10,21,25,25,11,39,0,0.2,0.62,0.1,0.22,13,https://onepiece.limitlesstcg.com/decks/list/6356,64,49.84
Purple Enelby Fabian Godglück,OP15-058,Purple,50,1.62,4038.0,14,26,7,4,0,3,0,0,0,20,13,37,24,26,0,0.28,0.4,0.14,0.48,14,https://onepiece.limitlesstcg.com/decks/list/6357,61,53.22
Purple Enelby gary,OP15-058,Purple,50,1.76,4185.0,13,26,9,4,0,3,0,0,0,21,12,35,23,27,0,0.26,0.42,0.18,0.46,15,https://onepiece.limitlesstcg.com/decks/list/6358,58,53.22
Blue/Yellow Namiby AceOfSpades,OP11-041,Blue Yellow,50,4.54,6156.0,17,6,11,0,0,20,0,1,9,19,4,13,0,46,0,0.34,0.56,0.22,0.0,16,https://onepiece.limitlesstcg.com/decks/list/6359,55,48.3
Purple Enelby Tyler,OP15-058,Purple,50,1.64,3963.0,15,27,7,4,0,3,0,0,0,21,14,37,23,27,0,0.3,0.42,0.14,0.46,17,https://onepiece.limitlesstcg.com/decks/list/6360,52,53.22
Purple Enelby Ryan Dinh,OP15-058,Purple,50,1.76,4185.0,13,25,9,4,0,3,0,0,0,21,12,35,23,27,0,0.26,0.42,0.18,0.46,18,https://onepiece.limitlesstcg.com/decks/list/6361,49,53.22
Blue/Yellow Namiby Dangief,OP11-041,Blue Yellow,50,4.54,6087.0,17,6,9,0,0,23,0,1,10,19,4,12,0,46,0,0.34,0.58,0.18,0.0,19,https://onepiece.limitlesstcg.com/decks/list/6272,46,48.3
Red/Blue Aceby Scrimminz,OP13-002,Blue Red,50,4.98,6973.0,8,20,11,1,0,0,0,0,10,18,12,13,4,45,0,0.16,0.56,0.22,0.08,20,https://onepiece.limitlesstcg.com/decks/list/6362,43,53.43
Blue/Yellow Namiby O(wen²),OP11-041,Blue Yellow,50,4.62,6196.0,15,7,11,2,0,23,0,1,10,19,4,11,0,46,0,0.3,0.58,0.22,0.0,21,https://onepiece.limitlesstcg.com/decks/list/6363,40,48.3
Red/Blue Lucyby Alex T.,OP15-002,Blue Red,50,3.7,5087.0,14,12,10,1,2,11,0,0,10,7,19,21,22,27,1,0.28,0.34,0.2,0.44,22,https://onepiece.limitlesstcg.com/decks/list/6364,37,50.6
Blue/Yellow Namiby YunshangRiceNoodles,OP11-041,Blue Yellow,50,4.38,6143.0,20,11,16,4,0,9,0,1,10,13,4,12,4,42,0,0.4,0.46,0.32,0.08,23,https://onepiece.limitlesstcg.com/decks/list/6365,34,48.3
Purple Enelby Richard,OP15-058,Purple,50,1.76,4185.0,13,26,9,4,0,3,0,0,0,21,12,35,23,27,0,0.26,0.42,0.18,0.46,24,https://onepiece.limitlesstcg.com/decks/list/6358,31,53.22
Green Mihawkby Reykoh,OP14-020,Green,50,3.5,4795.0,11,5,9,0,0,4,2,0,8,14,22,26,9,39,2,0.22,0.44,0.18,0.18,25,https://onepiece.limitlesstcg.com/decks/list/6366,28,49.78
Purple Enelby Teapo,OP15-058,Purple,50,1.72,4269.0,13,27,8,4,0,3,0,0,0,19,12,36,24,26,0,0.26,0.38,0.16,0.48,26,https://onepiece.limitlesstcg.com/decks/list/6367,25,53.22
Purple Enelby Yonas Abraham,OP15-058,Purple,50,1.62,4160.0,14,25,6,4,0,3,0,0,0,18,12,37,25,25,0,0.28,0.36,0.12,0.5,27,https://onepiece.limitlesstcg.com/decks/list/6368,22,53.22
Purple Enelby JX,OP15-058,Purple,50,1.72,4111.0,14,25,7,3,2,3,0,0,0,21,12,35,23,27,0,0.28,0.42,0.14,0.46,28,https://onepiece.limitlesstcg.com/decks/list/6369,19,53.22
Red/Blue Lucyby JeeOPTCG,OP15-002,Blue Red,50,3.88,5095.0,11,16,10,1,4,10,0,0,8,7,18,20,22,25,3,0.22,0.3,0.2,0.44,29,https://onepiece.limitlesstcg.com/decks/list/6270,16,50.6
Red/Blue Aceby Bootylover26,OP13-002,Blue Red,50,5.22,7026.0,8,20,12,2,0,0,0,0,10,18,12,12,4,46,0,0.16,0.56,0.24,0.08,30,https://onepiece.limitlesstcg.com/decks/list/6370,13,53.43
Blue/Yellow Namiby Brian G.,OP11-041,Blue Yellow,50,4.16,5881.0,18,6,8,2,0,23,0,0,12,15,7,15,4,42,0,0.36,0.54,0.16,0.08,31,https://onepiece.limitlesstcg.com/decks/list/6371,10,48.3
Purple Enelby JimmyZ,OP15-058,Purple,50,2.0,4226.0,14,22,7,4,4,2,0,0,0,21,14,33,19,31,0,0.28,0.42,0.14,0.38,32,https://onepiece.limitlesstcg.com/decks/list/6372,7,53.22
Purple Enelby Richard Yam,OP15-058,Purple,50,1.62,4160.0,14,25,6,4,0,3,0,0,0,18,12,37,25,25,0,0.28,0.36,0.12,0.5,1,https://onepiece.limitlesstcg.com/decks/list/6368,100,53.22
Blue/Yellow Namiby Vladman,OP11-041,Blue Yellow,50,4.54,6087.0,16,7,10,0,0,23,0,1,10,19,4,12,0,46,0,0.32,0.58,0.2,0.0,2,https://onepiece.limitlesstcg.com/decks/list/6373,97,48.3
Purple Enelby ofei,OP15-058,Purple,50,1.68,4154.0,13,27,8,4,0,3,0,0,0,20,12,36,24,26,0,0.26,0.4,0.16,0.48,3,https://onepiece.limitlesstcg.com/decks/list/6374,94,53.22
Purple Enelby Shizukaio,OP15-058,Purple,50,1.72,4154.0,14,26,8,4,0,4,0,0,0,20,12,36,24,26,0,0.28,0.4,0.16,0.48,4,https://onepiece.limitlesstcg.com/decks/list/6375,91,53.22
Purple Enelby Deep,OP15-058,Purple,50,1.64,4077.0,13,25,6,4,2,3,0,0,0,20,12,36,24,26,0,0.26,0.4,0.12,0.48,5,https://onepiece.limitlesstcg.com/decks/list/6376,88,53.22
Purple Enelby Kevin Zhao,OP15-058,Purple,50,1.64,3963.0,15,27,7,4,0,3,0,0,0,21,14,37,23,27,0,0.3,0.42,0.14,0.46,6,https://onepiece.limitlesstcg.com/decks/list/6377,85,53.22
Yellow Luffyby Nicholas Pao,OP15-098,Yellow,50,4.12,5043.0,27,4,11,7,0,7,0,0,14,21,8,16,4,46,0,0.54,0.7,0.22,0.08,7,https://onepiece.limitlesstcg.com/decks/list/6378,82,49.71
Red/Green Luffyby DoubleD,OP13-001,Green Red,50,3.2,4300.0,10,0,8,0,4,8,0,0,11,13,16,24,10,40,0,0.2,0.48,0.16,0.2,8,https://onepiece.limitlesstcg.com/decks/list/6379,79,48.41
Yellow Luffyby Ryuto,OP15-098,Yellow,50,4.16,5239.0,25,0,10,5,0,4,0,0,14,21,8,16,4,46,0,0.5,0.7,0.2,0.08,9,https://onepiece.limitlesstcg.com/decks/list/6380,76,49.71
Purple Enelby Hilal,OP15-058,Purple,50,1.54,3889.0,14,27,4,3,4,2,0,0,0,21,14,37,23,27,0,0.28,0.42,0.08,0.46,10,https://onepiece.limitlesstcg.com/decks/list/6381,73,53.22
Yellow Luffyby Patrick,OP15-098,Yellow,50,4.12,5022.0,27,4,12,7,0,8,0,0,14,21,8,16,4,46,0,0.54,0.7,0.24,0.08,11,https://onepiece.limitlesstcg.com/decks/list/6382,70,49.71
Blue/Yellow Namiby Salt Lord,OP11-041,Blue Yellow,50,4.54,6087.0,17,6,9,0,0,23,0,1,10,19,4,12,0,46,0,0.34,0.58,0.18,0.0,12,https://onepiece.limitlesstcg.com/decks/list/6272,67,48.3
Purple Enelby Randy,OP15-058,Purple,50,1.92,4357.0,17,25,10,0,0,3,0,0,0,21,11,33,22,28,0,0.34,0.42,0.2,0.44,13,https://onepiece.limitlesstcg.com/decks/list/6383,64,53.22
Yellow Luffyby &”!AAaron,OP15-098,Yellow,50,4.0,4933.0,27,3,12,6,0,10,0,0,14,21,9,17,4,45,1,0.54,0.7,0.24,0.08,14,https://onepiece.limitlesstcg.com/decks/list/6384,61,49.71
Purple Enelby Hunrah,OP15-058,Purple,50,1.8,4296.0,13,25,9,4,0,3,0,0,0,20,12,35,23,27,0,0.26,0.4,0.18,0.46,15,https://onepiece.limitlesstcg.com/decks/list/6385,58,53.22
Purple Enelby Leandro Corrochano Lopes,OP15-058,Purple,50,1.74,4185.0,15,26,8,3,0,3,0,0,0,20,13,36,23,27,0,0.3,0.4,0.16,0.46,16,https://onepiece.limitlesstcg.com/decks/list/6386,55,53.22
Purple Enelby Stefano Fabri,OP15-058,Purple,50,1.8,4296.0,13,24,9,4,0,3,0,0,0,20,12,35,23,27,0,0.26,0.4,0.18,0.46,1,https://onepiece.limitlesstcg.com/decks/list/6397,100,53.22
Black Crocodileby Hugo Chapado,OP14-079,Black,50,3.32,4974.0,10,17,5,0,0,8,0,0,10,20,26,26,12,38,0,0.2,0.6,0.1,0.24,2,https://onepiece.limitlesstcg.com/decks/list/6346,97,49.84
Purple Enelby Francesco Liuzzi,OP15-058,Purple,50,1.78,4107.0,13,24,7,4,3,3,0,0,0,22,12,34,22,28,0,0.26,0.44,0.14,0.44,3,https://onepiece.limitlesstcg.com/decks/list/6398,94,53.22
Red/Blue Lucyby Andrea Zanotti,OP15-002,Blue Red,50,3.48,5235.0,11,14,13,1,2,13,0,0,8,4,17,19,27,21,2,0.22,0.24,0.26,0.54,4,https://onepiece.limitlesstcg.com/decks/list/6399,91,50.6
Purple Enelby Gaston Buhler,OP15-058,Purple,50,1.62,4038.0,15,27,7,3,0,3,0,0,0,20,13,37,24,26,0,0.3,0.4,0.14,0.48,5,https://onepiece.limitlesstcg.com/decks/list/6400,88,53.22
Purple Enelby Sedat Dag,OP15-058,Purple,50,1.74,4148.0,16,24,6,2,2,3,0,0,0,20,12,35,23,27,0,0.32,0.4,0.12,0.46,6,https://onepiece.limitlesstcg.com/decks/list/6401,85,53.22
Red/Blue Aceby Sergio Fernández Serra,OP13-002,Blue Red,50,5.12,7054.0,8,20,12,2,0,1,0,0,9,18,14,14,5,45,0,0.16,0.54,0.24,0.1,7,https://onepiece.limitlesstcg.com/decks/list/6402,82,53.43
Purple Enelby Enricomaria Rustico,OP15-058,Purple,50,1.76,4185.0,13,25,9,4,0,3,0,0,0,21,12,35,23,27,0,0.26,0.42,0.18,0.46,8,https://onepiece.limitlesstcg.com/decks/list/6361,79,53.22
Purple Enelby Theodore Zimmerman,OP15-058,Purple,50,1.7,4074.0,14,27,8,4,0,3,0,0,0,21,13,36,23,27,0,0.28,0.42,0.16,0.46,9,https://onepiece.limitlesstcg.com/decks/list/6409,76,53.22
Purple Enelby Juan Méndez Casado,OP15-058,Purple,50,1.72,4111.0,13,26,7,4,2,3,0,0,0,21,12,35,23,27,0,0.26,0.42,0.14,0.46,10,https://onepiece.limitlesstcg.com/decks/list/6403,73,53.22
Blue/Yellow Namiby Alvaro Garnica,OP11-041,Blue Yellow,50,4.38,6140.0,18,6,8,0,0,25,0,0,10,18,7,15,3,43,0,0.36,0.56,0.16,0.06,11,https://onepiece.limitlesstcg.com/decks/list/6407,70,48.3
Red/Blue Aceby Yuri Mantovan,OP13-002,Blue Red,50,4.9,6861.0,8,20,13,2,0,2,0,0,9,18,14,16,6,44,0,0.16,0.54,0.26,0.12,12,https://onepiece.limitlesstcg.com/decks/list/6405,67,53.43
Purple Enelby Kevin Le,OP15-058,Purple,50,1.7,4074.0,14,27,8,4,0,3,0,0,0,21,13,36,23,27,0,0.28,0.42,0.16,0.46,13,https://onepiece.limitlesstcg.com/decks/list/6349,64,53.22
Blue/Yellow Namiby Gianmarco Graziano,OP11-041,Blue Yellow,50,4.44,5978.0,17,5,9,1,0,23,0,1,10,19,4,12,0,46,0,0.34,0.58,0.18,0.0,14,https://onepiece.limitlesstcg.com/decks/list/6404,61,48.3
Red/Green Luffyby Anastasios Argiropoulos,OP13-001,Green Red,50,3.34,4564.0,10,0,6,0,4,8,0,0,8,14,17,23,11,39,0,0.2,0.44,0.12,0.22,15,https://onepiece.limitlesstcg.com/decks/list/6408,58,48.41
Red/Blue Aceby Damian Arauz,OP13-002,Blue Red,50,5.02,6842.0,8,20,13,2,0,0,0,0,9,19,14,14,4,46,0,0.16,0.56,0.26,0.08,16,https://onepiece.limitlesstcg.com/decks/list/6406,55,53.43
Purple Enelby Cameron Varden,OP15-058,Purple,50,1.68,4154.0,13,26,8,4,0,3,0,0,0,20,12,36,24,26,0,0.26,0.4,0.16,0.48,17,https://onepiece.limitlesstcg.com/decks/list/6413,52,53.22
Blue/Yellow Namiby Fernando da Silva Rodriguez,OP11-041,Blue Yellow,50,4.56,6065.0,16,7,9,0,0,22,0,2,10,19,4,12,0,46,0,0.32,0.58,0.18,0.0,18,https://onepiece.limitlesstcg.com/decks/list/6420,49,48.3
Purple Enelby Alexander Gonzalez,OP15-058,Purple,50,1.68,4154.0,13,26,8,4,0,3,0,0,0,20,12,36,24,26,0,0.26,0.4,0.16,0.48,19,https://onepiece.limitlesstcg.com/decks/list/6413,46,53.22
Blue/Yellow Namiby Luigi Amato,OP11-041,Blue Yellow,50,4.54,6087.0,17,6,9,0,0,23,0,1,10,19,4,12,0,46,0,0.34,0.58,0.18,0.0,20,https://onepiece.limitlesstcg.com/decks/list/6272,43,48.3
Red/Blue Aceby Borja Camilo,OP13-002,Blue Red,50,4.78,6639.0,8,20,14,2,0,0,0,0,10,18,16,16,6,44,0,0.16,0.56,0.28,0.12,21,https://onepiece.limitlesstcg.com/decks/list/6414,40,53.43
Blue/Yellow Namiby Huu Son Tung Do,OP11-041,Blue Yellow,50,4.56,6022.0,16,6,8,0,0,26,0,1,10,20,4,11,1,45,0,0.32,0.6,0.16,0.02,22,https://onepiece.limitlesstcg.com/decks/list/6417,37,48.3
Purple Enelby Juan Soriano,OP15-058,Purple,50,1.94,4393.0,15,25,9,3,0,3,0,0,0,18,13,35,22,28,0,0.3,0.36,0.18,0.44,23,https://onepiece.limitlesstcg.com/decks/list/6410,34,53.22
Purple Enelby Thomas Atkinson,OP15-058,Purple,50,1.8,4143.0,13,26,8,4,2,3,0,0,0,22,12,34,22,28,0,0.26,0.44,0.16,0.44,24,https://onepiece.limitlesstcg.com/decks/list/6421,31,53.22
Purple Enelby Cristian García Franco,OP15-058,Purple,50,1.6,4000.0,13,27,8,4,0,3,0,0,0,21,13,37,24,26,0,0.26,0.42,0.16,0.48,25,https://onepiece.limitlesstcg.com/decks/list/6416,28,53.22
Blue Jinbeby Manuel Morato,OP14-040,Blue,50,3.44,5091.0,12,14,2,4,0,2,0,0,12,12,16,22,2,48,0,0.24,0.48,0.04,0.04,26,https://onepiece.limitlesstcg.com/decks/list/6419,25,51.44
Purple Enelby Giorgio Saraniero,OP15-058,Purple,50,1.94,4207.0,13,23,8,4,3,3,0,0,0,21,12,33,21,29,0,0.26,0.42,0.16,0.42,27,https://onepiece.limitlesstcg.com/decks/list/6412,22,53.22
Green Mihawkby Jan Hoffacker,OP14-020,Green,50,3.22,4778.0,10,8,8,0,0,3,3,0,6,16,26,30,10,36,4,0.2,0.44,0.16,0.2,28,https://onepiece.limitlesstcg.com/decks/list/6411,19,49.78
Green Bonneyby Sebastián Urbano,OP07-019,Green,50,4.06,4933.0,7,4,11,1,0,2,0,0,11,19,14,17,5,45,0,0.14,0.6,0.22,0.1,29,https://onepiece.limitlesstcg.com/decks/list/6418,16,50.14
Blue/Yellow Namiby Miguel Garriba,OP11-041,Blue Yellow,50,4.54,6087.0,17,6,9,0,0,23,0,1,10,19,4,12,0,46,0,0.34,0.58,0.18,0.0,30,https://onepiece.limitlesstcg.com/decks/list/6272,13,48.3
Green Mihawkby Matteo Tosetti,OP14-020,Green,50,3.46,4718.0,11,6,8,0,0,4,0,0,7,17,23,27,9,39,2,0.22,0.48,0.16,0.18,31,https://onepiece.limitlesstcg.com/decks/list/6415,10,49.78
Purple Enelby Petridis Georgios,OP15-058,Purple,50,1.62,4038.0,14,27,7,4,0,3,0,0,0,20,13,37,24,26,0,0.28,0.4,0.14,0.48,32,https://onepiece.limitlesstcg.com/decks/list/6395,7,53.22
Red/Blue Aceby Magicjaspe,OP13-002,Blue Red,50,5.08,6895.0,8,22,14,2,0,0,0,0,10,16,14,14,4,46,0,0.16,0.52,0.28,0.08,1,https://onepiece.limitlesstcg.com/decks/list/6253,100,53.43
Blue/Yellow Namiby Arman Haji-Ghassemi,OP11-041,Blue Yellow,50,4.56,6133.0,23,8,13,3,0,9,0,2,10,16,4,12,1,45,0,0.46,0.52,0.26,0.02,2,https://onepiece.limitlesstcg.com/decks/list/6254,97,48.3
Red/Blue Lucyby Roberto,OP15-002,Blue Red,50,4.0,5227.0,12,13,10,1,4,12,0,0,10,6,16,18,24,26,0,0.24,0.32,0.2,0.48,3,https://onepiece.limitlesstcg.com/decks/list/6255,94,50.6
Blue/Yellow Namiby Kasi94,OP11-041,Blue Yellow,50,4.18,5977.0,18,5,11,2,0,23,0,2,10,17,7,15,3,43,0,0.36,0.54,0.22,0.06,4,https://onepiece.limitlesstcg.com/decks/list/6256,91,48.3
Red/Blue Lucyby Yuri Del Governatore,OP15-002,Blue Red,50,3.76,5611.0,12,15,10,1,3,13,0,0,8,4,19,21,25,22,3,0.24,0.24,0.2,0.5,5,https://onepiece.limitlesstcg.com/decks/list/6257,88,50.6
Red/Green Luffyby Julius Schürhoff,OP13-001,Green Red,50,3.08,4184.0,11,0,6,0,4,9,0,0,9,14,18,24,12,38,0,0.22,0.46,0.12,0.24,6,https://onepiece.limitlesstcg.com/decks/list/6258,85,48.41
Green Mihawkby D.iego Ap,OP14-020,Green,50,3.34,4711.0,10,6,8,0,0,4,2,0,8,16,25,29,10,38,2,0.2,0.48,0.16,0.2,7,https://onepiece.limitlesstcg.com/decks/list/6259,82,49.78
Purple Enelby Hanno Hügelschäfer,OP15-058,Purple,50,1.96,4133.0,16,24,8,2,3,3,0,0,0,22,13,33,20,30,0,0.32,0.44,0.16,0.4,8,https://onepiece.limitlesstcg.com/decks/list/6260,79,53.22
Purple Enelby Fabian Godglück,OP15-058,Purple,50,2.04,4267.0,14,23,8,4,3,3,0,0,0,21,12,32,20,30,0,0.28,0.42,0.16,0.4,9,https://onepiece.limitlesstcg.com/decks/list/6261,76,53.22
Red/Blue Aceby Nikolay Baydanov,OP13-002,Blue Red,50,4.74,6395.0,8,21,13,2,0,0,0,0,11,18,16,16,4,46,0,0.16,0.58,0.26,0.08,10,https://onepiece.limitlesstcg.com/decks/list/6262,73,53.43
Green Mihawkby Socke,OP14-020,Green,50,3.64,5026.0,10,6,11,0,0,5,0,0,8,16,20,23,10,38,2,0.2,0.48,0.22,0.2,11,https://onepiece.limitlesstcg.com/decks/list/6263,70,49.78
Purple Enelby Flex,OP15-058,Purple,50,1.92,4172.0,13,21,7,4,4,3,0,0,0,21,12,33,21,29,0,0.26,0.42,0.14,0.42,12,https://onepiece.limitlesstcg.com/decks/list/6264,67,53.22
Yellow Luffyby David Melendo Villena,OP15-098,Yellow,50,3.62,4738.0,28,2,12,4,0,10,0,0,13,19,10,20,6,42,2,0.56,0.64,0.24,0.12,13,https://onepiece.limitlesstcg.com/decks/list/6265,64,49.71
Purple Enelby Žan Kralj,OP15-058,Purple,50,2.06,4333.0,13,23,9,4,3,3,0,0,0,21,12,32,20,30,0,0.26,0.42,0.18,0.4,14,https://onepiece.limitlesstcg.com/decks/list/6266,61,53.22
Purple Enelby Furioza,OP15-058,Purple,50,2.06,4333.0,13,23,9,4,3,3,0,0,0,21,12,32,20,30,0,0.26,0.42,0.18,0.4,15,https://onepiece.limitlesstcg.com/decks/list/6266,58,53.22
Purple Enelby Ruar Hauramany,OP15-058,Purple,50,2.2,4567.0,15,23,12,2,0,3,0,0,0,19,12,32,20,30,0,0.3,0.38,0.24,0.4,16,https://onepiece.limitlesstcg.com/decks/list/6267,55,53.22
Purple Enelby Enricomaria Rustico,OP15-058,Purple,50,1.8,4222.0,12,24,8,4,0,3,2,0,0,22,12,35,23,27,0,0.24,0.44,0.16,0.46,1,https://onepiece.limitlesstcg.com/decks/list/6268,100,53.22
Purple Enelby Petridis Georgios,OP15-058,Purple,50,1.64,4077.0,15,27,6,4,0,3,0,0,0,19,13,37,24,26,0,0.3,0.38,0.12,0.48,2,https://onepiece.limitlesstcg.com/decks/list/6269,97,53.22
Red/Blue Lucyby Benjamin Gayraud,OP15-002,Blue Red,50,3.88,5095.0,11,16,10,1,4,10,0,0,8,7,18,20,22,25,3,0.22,0.3,0.2,0.44,3,https://onepiece.limitlesstcg.com/decks/list/6270,94,50.6
Green Mihawkby momi961,OP14-020,Green,50,3.54,4872.0,10,3,7,0,0,5,2,0,7,18,22,26,11,39,0,0.2,0.5,0.14,0.22,4,https://onepiece.limitlesstcg.com/decks/list/6271,91,49.78
Blue/Yellow Namiby Luigi Amato,OP11-041,Blue Yellow,50,4.54,6087.0,17,6,9,0,0,23,0,1,10,19,4,12,0,46,0,0.34,0.58,0.18,0.0,5,https://onepiece.limitlesstcg.com/decks/list/6272,88,48.3
Purple Enelby Andres Sempere Rico,OP15-058,Purple,50,1.98,4464.0,14,24,11,2,0,3,0,0,0,19,12,34,22,28,0,0.28,0.38,0.22,0.44,6,https://onepiece.limitlesstcg.com/decks/list/6273,85,53.22
Blue/Yellow Namiby Imran,OP11-041,Blue Yellow,50,4.76,6261.0,23,8,14,3,0,9,0,2,10,16,4,11,1,46,0,0.46,0.52,0.28,0.02,7,https://onepiece.limitlesstcg.com/decks/list/6274,82,48.3
Red/Green Luffyby SSL GreeD,OP13-001,Green Red,50,3.26,4293.0,12,0,6,0,4,8,0,0,8,17,17,23,9,41,0,0.24,0.5,0.12,0.18,8,https://onepiece.limitlesstcg.com/decks/list/6275,79,48.41
Blue/Yellow Namiby Key,OP11-041,Blue Yellow,50,4.2,6023.0,20,6,8,0,0,26,0,1,10,17,7,14,3,43,0,0.4,0.54,0.16,0.06,9,https://onepiece.limitlesstcg.com/decks/list/6276,76,48.3
Yellow Luffyby Marco Pastorello,OP15-098,Yellow,50,4.18,5000.0,27,3,12,7,0,8,0,0,14,21,8,15,4,46,0,0.54,0.7,0.24,0.08,10,https://onepiece.limitlesstcg.com/decks/list/6277,73,49.71
Red/Green Luffyby Julius Schürhoff,OP13-001,Green Red,50,3.08,4184.0,11,0,6,0,4,9,0,0,9,14,18,24,12,38,0,0.22,0.46,0.12,0.24,11,https://onepiece.limitlesstcg.com/decks/list/6258,70,48.41
Purple Enelby Unopezzo,OP15-058,Purple,50,1.82,4214.0,13,23,7,4,3,3,0,0,0,21,12,34,22,28,0,0.26,0.42,0.14,0.44,12,https://onepiece.limitlesstcg.com/decks/list/6278,67,53.22
Yellow Enelby Sebastian Matuszak,OP05-098,Yellow,50,4.28,5214.0,16,14,10,5,0,20,0,0,12,17,12,20,8,42,0,0.32,0.58,0.2,0.16,13,https://onepiece.limitlesstcg.com/decks/list/6279,64,46.19
Red/Blue Lucyby Jack,OP15-002,Blue Red,50,3.86,5316.0,8,16,13,1,3,9,0,0,8,4,14,16,25,23,2,0.16,0.24,0.26,0.5,14,https://onepiece.limitlesstcg.com/decks/list/6280,61,50.6
Red/Blue Lucyby Dipper,OP15-002,Blue Red,50,3.7,5190.0,8,15,13,1,1,8,0,0,10,4,14,17,23,25,2,0.16,0.28,0.26,0.46,15,https://onepiece.limitlesstcg.com/decks/list/6281,58,50.6
Purple Enelby Joo-Ho Ahn,OP15-058,Purple,50,2.04,4267.0,18,23,8,0,3,3,0,0,0,21,12,32,20,30,0,0.36,0.42,0.16,0.4,16,https://onepiece.limitlesstcg.com/decks/list/6282,55,53.22
Blue/Yellow Namiby LGsus,OP11-041,Blue Yellow,50,4.54,6087.0,17,6,9,0,0,23,0,1,10,19,4,12,0,46,0,0.34,0.58,0.18,0.0,1,https://onepiece.limitlesstcg.com/decks/list/6272,100,48.3
Blue/Yellow Namiby PimentonAsado,OP11-041,Blue Yellow,50,4.2,6023.0,19,5,10,2,0,22,0,1,10,16,7,15,3,43,0,0.38,0.52,0.2,0.06,2,https://onepiece.limitlesstcg.com/decks/list/6283,97,48.3
Purple Enelby Matias Castro,OP15-058,Purple,50,1.86,4179.0,13,26,9,4,0,3,0,0,0,19,13,35,22,28,0,0.26,0.38,0.18,0.44,3,https://onepiece.limitlesstcg.com/decks/list/6284,94,53.22
Purple Enelby Capt_Karoo,OP15-058,Purple,50,1.6,3889.0,15,26,5,4,2,3,0,0,0,21,14,37,23,27,0,0.3,0.42,0.1,0.46,4,https://onepiece.limitlesstcg.com/decks/list/6285,91,53.22
Blue/Yellow Namiby Jose Luis Buezo,OP11-041,Blue Yellow,50,4.48,6109.0,18,6,10,1,0,22,0,1,10,17,4,12,0,46,0,0.36,0.54,0.2,0.0,5,https://onepiece.limitlesstcg.com/decks/list/6286,88,48.3
Purple Enelby Néstor Iván Rivera Espinosa,OP15-058,Purple,50,1.82,4143.0,14,26,9,4,0,3,0,0,0,20,14,36,22,28,0,0.28,0.4,0.18,0.44,6,https://onepiece.limitlesstcg.com/decks/list/6287,85,53.22
Purple Enelby foca,OP15-058,Purple,50,1.92,4357.0,13,24,10,4,0,3,0,0,0,20,12,34,22,28,0,0.26,0.4,0.2,0.44,7,https://onepiece.limitlesstcg.com/decks/list/6288,82,53.22
Purple Enelby Dutinho1209,OP15-058,Purple,50,1.92,4357.0,13,25,10,4,0,3,0,0,0,20,12,34,22,28,0,0.26,0.4,0.2,0.44,8,https://onepiece.limitlesstcg.com/decks/list/6289,79,53.22
Purple Enelby Alexander Gonzalez,OP15-058,Purple,50,1.58,3962.0,14,26,5,4,2,3,0,0,0,20,13,37,24,26,0,0.28,0.4,0.1,0.48,9,https://onepiece.limitlesstcg.com/decks/list/6290,76,53.22
Purple Enelby Sam Martinez,OP15-058,Purple,50,1.58,3962.0,14,26,5,4,2,3,0,0,0,20,13,37,24,26,0,0.28,0.4,0.1,0.48,10,https://onepiece.limitlesstcg.com/decks/list/6290,73,53.22
Purple Enelby Elijah Quinby,OP15-058,Purple,50,1.58,3962.0,14,26,5,4,2,3,0,0,0,20,13,37,24,26,0,0.28,0.4,0.1,0.48,11,https://onepiece.limitlesstcg.com/decks/list/6290,70,53.22
Purple Enelby Luka Forjan,OP15-058,Purple,50,2.04,4267.0,18,23,8,0,3,3,0,0,0,21,12,32,20,30,0,0.36,0.42,0.16,0.4,12,https://onepiece.limitlesstcg.com/decks/list/6282,67,53.22
Red/Blue Aceby Windalf,OP13-002,Blue Red,50,4.58,6457.0,8,20,13,1,1,0,0,0,10,18,16,17,6,43,0,0.16,0.56,0.26,0.12,13,https://onepiece.limitlesstcg.com/decks/list/6291,64,53.43
Purple Enelby João Pedro Medeiros Zambrano,OP15-058,Purple,50,1.92,4357.0,13,24,10,4,0,3,0,0,0,20,12,34,22,28,0,0.26,0.4,0.2,0.44,14,https://onepiece.limitlesstcg.com/decks/list/6288,61,53.22
Green Mihawkby Arkros,OP14-020,Green,50,3.44,5088.0,8,6,9,0,0,7,2,0,8,16,20,24,12,34,4,0.16,0.48,0.18,0.24,15,https://onepiece.limitlesstcg.com/decks/list/6292,58,49.78
Red/Green Luffyby LuffyCapoeira,OP13-001,Green Red,50,3.16,4343.0,8,0,6,0,3,11,0,0,6,15,16,22,15,35,0,0.16,0.42,0.12,0.3,16,https://onepiece.limitlesstcg.com/decks/list/6293,55,48.41
Red/Blue Aceby Mati Segura,OP13-002,Blue Red,50,5.04,6895.0,8,21,13,2,0,0,0,0,9,18,14,14,4,46,0,0.16,0.54,0.26,0.08,17,https://onepiece.limitlesstcg.com/decks/list/6294,52,53.43
Purple Enelby celotcg,OP15-058,Purple,50,2.04,4400.0,16,20,8,0,4,2,0,0,0,20,12,32,20,30,0,0.32,0.4,0.16,0.4,18,https://onepiece.limitlesstcg.com/decks/list/6295,49,53.22
Yellow Kalgaraby Dead0,OP08-098,Yellow,50,3.8,5538.0,24,9,6,3,0,7,0,0,12,18,13,16,7,39,4,0.48,0.6,0.12,0.14,19,https://onepiece.limitlesstcg.com/decks/list/6296,46,40.68
Blue/Yellow Namiby Tigrinho D. Bengala,OP11-041,Blue Yellow,50,4.66,6222.0,21,7,11,1,0,20,0,1,12,17,5,13,1,49,0,0.42,0.58,0.22,0.02,20,https://onepiece.limitlesstcg.com/decks/list/6297,43,48.3
Blue/Yellow Namiby deus_da_sabedoria,OP11-041,Blue Yellow,50,4.2,6146.0,21,4,9,0,0,22,0,1,10,17,7,17,3,43,0,0.42,0.54,0.18,0.06,21,https://onepiece.limitlesstcg.com/decks/list/6298,40,48.3
Red/Blue Lucyby Pepi,OP15-002,Blue Red,50,3.58,4905.0,12,13,9,1,2,10,0,0,10,6,19,21,22,25,3,0.24,0.32,0.18,0.44,22,https://onepiece.limitlesstcg.com/decks/list/6299,37,50.6
Red/Blue Lucyby toledo,OP15-002,Blue Red,50,3.96,5857.0,10,16,13,1,2,10,0,0,10,4,16,18,23,25,2,0.2,0.28,0.26,0.46,23,https://onepiece.limitlesstcg.com/decks/list/6300,34,50.6
Red/Blue Lucyby Domenico,OP15-002,Blue Red,50,3.7,4750.0,12,15,9,1,4,11,0,0,8,7,19,21,23,24,3,0.24,0.3,0.18,0.46,24,https://onepiece.limitlesstcg.com/decks/list/6248,31,50.6
Purple Enelby APENAS Místico,OP15-058,Purple,50,1.94,4207.0,13,23,8,4,3,3,0,0,0,21,12,33,21,29,0,0.26,0.42,0.16,0.42,25,https://onepiece.limitlesstcg.com/decks/list/6301,28,53.22
Purple Enelby KT Guanaquin,OP15-058,Purple,50,1.86,4179.0,14,26,9,4,0,3,0,0,0,20,13,35,22,28,0,0.28,0.4,0.18,0.44,26,https://onepiece.limitlesstcg.com/decks/list/6302,25,53.22
Purple Enelby Brokenkokoro,OP15-058,Purple,50,1.78,4143.0,13,26,9,4,0,2,0,0,0,20,14,36,22,28,0,0.26,0.4,0.18,0.44,27,https://onepiece.limitlesstcg.com/decks/list/6303,22,53.22
Purple Enelby Marco Morales,OP15-058,Purple,50,2.08,4300.0,14,22,8,4,3,3,0,0,0,20,12,32,20,30,0,0.28,0.4,0.16,0.4,28,https://onepiece.limitlesstcg.com/decks/list/6304,19,53.22
Red/Blue Aceby Sambanation,OP13-002,Blue Red,50,5.02,6838.0,8,20,15,2,0,0,0,0,10,18,13,13,5,45,0,0.16,0.56,0.3,0.1,29,https://onepiece.limitlesstcg.com/decks/list/6305,16,53.43
Blue/Yellow Namiby shiray,OP11-041,Blue Yellow,50,4.56,6174.0,19,8,9,0,0,21,0,0,11,17,4,12,0,46,0,0.38,0.56,0.18,0.0,30,https://onepiece.limitlesstcg.com/decks/list/6306,13,48.3
Green/Purple Luffyby Rafael Takashi,EB02-010,Green Purple,50,3.0,4588.0,17,12,6,1,2,6,0,0,4,13,14,22,16,34,0,0.34,0.34,0.12,0.32,31,https://onepiece.limitlesstcg.com/decks/list/6307,10,52.96
Green Mihawkby NeverSplit10s,OP14-020,Green,50,3.78,4878.0,11,3,11,0,0,4,0,0,8,18,18,22,9,41,0,0.22,0.52,0.22,0.18,32,https://onepiece.limitlesstcg.com/decks/list/6308,7,49.78
Blue/Yellow Namiby Luigi Amato,OP11-041,Blue Yellow,50,4.28,6093.0,19,6,9,0,0,24,0,1,10,17,7,15,3,43,0,0.38,0.54,0.18,0.06,1,https://onepiece.limitlesstcg.com/decks/list/6224,100,48.3
Purple Enelby Mirko Zanelli,OP15-058,Purple,50,1.88,4069.0,17,24,7,4,0,3,0,0,0,19,15,36,21,29,0,0.34,0.38,0.14,0.42,2,https://onepiece.limitlesstcg.com/decks/list/6225,97,53.22
Blue/Yellow Namiby Federico Mecozzi Marinangeli,OP11-041,Blue Yellow,50,3.9,5850.0,23,2,7,0,0,24,0,1,10,17,8,18,4,42,0,0.46,0.54,0.14,0.08,3,https://onepiece.limitlesstcg.com/decks/list/6226,94,48.3
Green/Purple Luffyby IceLoom,EB02-010,Green Purple,50,3.0,4588.0,18,12,6,1,2,6,0,0,4,13,14,22,16,34,0,0.36,0.34,0.12,0.32,4,https://onepiece.limitlesstcg.com/decks/list/6227,91,52.96
Red/Blue Aceby TrenoFelice,OP13-002,Blue Red,50,4.7,6694.0,8,21,12,2,0,0,0,0,9,18,16,16,6,44,0,0.16,0.54,0.24,0.12,5,https://onepiece.limitlesstcg.com/decks/list/6228,88,53.43
Red/Blue Lucyby Magyo,OP15-002,Blue Red,50,3.58,4773.0,15,10,9,1,2,12,0,0,10,7,19,21,24,26,0,0.3,0.34,0.18,0.48,6,https://onepiece.limitlesstcg.com/decks/list/6229,85,50.6
Purple Enelby Yonas Abraham,OP15-058,Purple,50,1.98,4241.0,14,20,6,4,4,3,0,0,0,19,12,33,21,29,0,0.28,0.38,0.12,0.42,7,https://onepiece.limitlesstcg.com/decks/list/6230,82,53.22
Red/Green Luffyby Julius Schürhoff,OP13-001,Green Red,50,3.16,4308.0,11,0,6,0,4,8,0,0,9,14,18,24,11,39,0,0.22,0.46,0.12,0.22,8,https://onepiece.limitlesstcg.com/decks/list/6231,79,48.41
Purple Enelby Gabi313,OP15-058,Purple,50,1.84,4286.0,14,22,8,0,4,2,0,0,0,20,12,34,22,28,0,0.28,0.4,0.16,0.44,9,https://onepiece.limitlesstcg.com/decks/list/6232,76,53.22
Purple Enelby Giovanni Salvatore Oliva,OP15-058,Purple,50,1.8,4286.0,14,24,6,2,4,2,0,0,0,20,12,34,22,28,0,0.28,0.4,0.12,0.44,10,https://onepiece.limitlesstcg.com/decks/list/6233,73,53.22
Blue/Yellow Namiby Maurizio Intini,OP11-041,Blue Yellow,50,4.42,6538.0,23,10,13,2,0,9,0,2,11,13,3,15,3,43,0,0.46,0.48,0.26,0.06,11,https://onepiece.limitlesstcg.com/decks/list/6234,70,48.3
Blue/Yellow Namiby INTERISTASBARAZZINO,OP11-041,Blue Yellow,50,4.1,5976.0,21,5,8,0,0,25,0,1,10,16,8,16,4,42,0,0.42,0.52,0.16,0.08,12,https://onepiece.limitlesstcg.com/decks/list/6235,67,48.3
Purple Enelby stathisv13,OP15-058,Purple,50,1.88,4393.0,14,22,8,0,4,2,0,0,0,19,12,34,22,28,0,0.28,0.38,0.16,0.44,13,https://onepiece.limitlesstcg.com/decks/list/6236,64,53.22
Purple Enelby Voice,OP15-058,Purple,50,1.82,4000.0,18,24,4,2,4,3,0,0,0,20,14,35,21,29,0,0.36,0.4,0.08,0.42,14,https://onepiece.limitlesstcg.com/decks/list/6237,61,53.22
Red/Blue Lucyby Brian D. TCG,OP15-002,Blue Red,50,3.6,5389.0,11,15,9,1,2,12,0,0,8,4,18,21,25,22,3,0.22,0.24,0.18,0.5,15,https://onepiece.limitlesstcg.com/decks/list/6238,58,50.6
Yellow Enelby MerryTCG,OP05-098,Yellow,50,4.32,5780.0,23,3,5,4,0,29,0,0,10,14,6,14,9,41,0,0.46,0.48,0.1,0.18,16,https://onepiece.limitlesstcg.com/decks/list/6239,55,46.19
Red/Blue Lucyby Mirco Morscio,OP15-002,Blue Red,50,3.66,5211.0,10,15,9,1,2,11,0,0,10,4,16,19,25,23,2,0.2,0.28,0.18,0.5,17,https://onepiece.limitlesstcg.com/decks/list/6240,52,50.6
Purple Enelby Ebisu,OP15-058,Purple,50,1.88,4393.0,14,22,8,0,4,2,0,0,0,19,12,34,22,28,0,0.28,0.38,0.16,0.44,18,https://onepiece.limitlesstcg.com/decks/list/6236,49,53.22
Purple Enelby PaoloSitta,OP15-058,Purple,50,1.8,4286.0,14,24,6,2,4,2,0,0,0,20,12,34,22,28,0,0.28,0.4,0.12,0.44,19,https://onepiece.limitlesstcg.com/decks/list/6233,46,53.22
Blue/Yellow Namiby Matteo Rimondini,OP11-041,Blue Yellow,50,4.1,6000.0,19,6,9,1,0,25,0,1,10,15,8,16,4,42,0,0.38,0.5,0.18,0.08,20,https://onepiece.limitlesstcg.com/decks/list/6241,43,48.3
Red/Blue Viviby Arca,EB03-001,Blue Red,50,5.24,6279.0,4,15,16,0,3,1,0,4,12,16,6,10,3,47,0,0.08,0.56,0.32,0.06,21,https://onepiece.limitlesstcg.com/decks/list/6242,40,46.15
Purple Enelby Luka Forjan,OP15-058,Purple,50,1.98,4241.0,18,24,6,0,4,3,0,0,0,19,12,33,21,29,0,0.36,0.38,0.12,0.42,22,https://onepiece.limitlesstcg.com/decks/list/6243,37,53.22
Blue/Yellow Namiby Maximilian Lorenz,OP11-041,Blue Yellow,50,3.82,5846.0,21,4,7,0,0,25,0,1,10,16,9,19,5,41,0,0.42,0.52,0.14,0.1,23,https://onepiece.limitlesstcg.com/decks/list/6244,34,48.3
Blue/Yellow Namiby LOL345kian,OP11-041,Blue Yellow,50,4.1,5976.0,20,6,9,0,0,25,0,1,10,16,8,16,4,42,0,0.4,0.52,0.18,0.08,24,https://onepiece.limitlesstcg.com/decks/list/6245,31,48.3
Purple Enelby Benjamin Gayraud,OP15-058,Purple,50,1.98,4241.0,18,23,6,0,4,3,0,0,0,19,12,33,21,29,0,0.36,0.38,0.12,0.42,25,https://onepiece.limitlesstcg.com/decks/list/6246,28,53.22
Red/Blue Lucyby Corentin,OP15-002,Blue Red,50,3.52,4714.0,12,12,9,1,2,11,0,0,10,6,18,23,23,25,2,0.24,0.32,0.18,0.46,26,https://onepiece.limitlesstcg.com/decks/list/6247,25,50.6
Red/Blue Lucyby Roberto Rondino,OP15-002,Blue Red,50,3.7,4750.0,12,15,9,1,4,11,0,0,8,7,19,21,23,24,3,0.24,0.3,0.18,0.46,27,https://onepiece.limitlesstcg.com/decks/list/6248,22,50.6
Purple Enelby Hrvoje Hedžet,OP15-058,Purple,50,1.94,4241.0,18,24,6,1,3,3,0,0,0,19,13,34,21,29,0,0.36,0.38,0.12,0.42,28,https://onepiece.limitlesstcg.com/decks/list/6249,19,53.22
Purple Enelby Andres Sempere Rico,OP15-058,Purple,50,1.88,4393.0,11,24,8,3,4,2,0,0,0,19,12,34,22,28,0,0.22,0.38,0.16,0.44,29,https://onepiece.limitlesstcg.com/decks/list/6250,16,53.22
Purple Enelby Miky97,OP15-058,Purple,50,1.72,4071.0,13,23,6,3,4,2,0,0,0,20,14,36,22,28,0,0.26,0.4,0.12,0.44,30,https://onepiece.limitlesstcg.com/decks/list/6251,13,53.22
Purple Enelby Dirk Triebe,OP15-058,Purple,50,2.06,4433.0,17,21,7,0,4,2,0,0,0,19,12,32,20,30,0,0.34,0.38,0.14,0.4,31,https://onepiece.limitlesstcg.com/decks/list/6252,10,53.22
Purple Enelby Enricomaria Rustico,OP15-058,Purple,50,1.8,4286.0,14,24,6,2,4,2,0,0,0,20,12,34,22,28,0,0.28,0.4,0.12,0.44,32,https://onepiece.limitlesstcg.com/decks/list/6233,7,53.22
Blue/Purple Luffyby ewin,OP11-040,Blue Purple,50,3.92,5464.0,18,15,4,0,0,3,0,0,8,12,12,16,14,32,0,0.36,0.4,0.08,0.28,1,https://onepiece.limitlesstcg.com/decks/list/6217,100,54.99
Black Imuby CardBoardThugLife,OP13-079,Black,50,3.7,6167.0,13,4,10,4,0,4,0,0,10,22,20,25,12,36,2,0.26,0.64,0.2,0.24,2,https://onepiece.limitlesstcg.com/decks/list/6218,97,50.39
Purple/Yellow Rosinanteby Clayton Hill,OP12-061,Purple Yellow,50,3.24,4579.0,31,8,8,4,0,11,0,0,10,16,16,24,8,38,0,0.62,0.52,0.16,0.16,3,https://onepiece.limitlesstcg.com/decks/list/6219,94,33.33
Black Imuby Brayan,OP13-079,Black,50,3.68,6167.0,14,4,8,4,0,4,0,0,10,20,21,25,14,34,2,0.28,0.6,0.16,0.28,4,https://onepiece.limitlesstcg.com/decks/list/6210,91,50.39
Red/Blue Aceby Dangief,OP13-002,Blue Red,50,4.76,6324.0,8,21,12,2,2,3,0,0,9,19,15,15,8,42,0,0.16,0.56,0.24,0.16,5,https://onepiece.limitlesstcg.com/decks/list/6220,88,53.43
Purple/Yellow Rosinanteby Nicholas Pao,OP12-061,Purple Yellow,50,3.26,4625.0,27,8,7,4,4,14,0,0,10,15,16,22,6,40,0,0.54,0.5,0.14,0.12,6,https://onepiece.limitlesstcg.com/decks/list/6221,85,33.33
Blue/Yellow Namiby Nicky Goldman’s biggest fan,OP11-041,Blue Yellow,50,3.94,5941.0,18,5,1,0,0,30,0,0,10,15,8,16,8,38,0,0.36,0.5,0.02,0.16,7,https://onepiece.limitlesstcg.com/decks/list/6222,82,48.3
Blue/Purple Sanjiby Dr. Yugioh,OP12-041,Blue Purple,50,2.9,5267.0,11,20,5,0,0,11,0,0,4,5,20,21,32,18,0,0.22,0.18,0.1,0.64,8,https://onepiece.limitlesstcg.com/decks/list/6223,79,48.7
Green Mihawkby Phi Nguyen,OP14-020,Green,50,3.78,5316.0,9,5,8,0,0,4,0,0,7,18,20,25,9,38,3,0.18,0.5,0.16,0.18,1,https://onepiece.limitlesstcg.com/decks/list/6191,100,49.78
Green Mihawkby KuroTCG,OP14-020,Green,50,3.96,5784.0,8,6,9,0,0,4,0,0,7,18,16,21,9,37,4,0.16,0.5,0.18,0.18,2,https://onepiece.limitlesstcg.com/decks/list/6192,97,49.78
Black Imuby EmperorOng,OP13-079,Black,50,3.68,6167.0,15,4,9,4,0,4,0,0,9,21,21,25,14,34,2,0.3,0.6,0.18,0.28,3,https://onepiece.limitlesstcg.com/decks/list/6045,94,50.39
Purple/Yellow Rosinanteby Matt,OP12-061,Purple Yellow,50,3.12,4447.0,31,7,6,4,0,9,0,0,10,14,16,26,8,38,0,0.62,0.48,0.12,0.16,4,https://onepiece.limitlesstcg.com/decks/list/6193,91,33.33
Black Imuby Slizzy Rede,OP13-079,Black,50,3.7,6167.0,14,4,9,4,0,4,0,0,10,21,20,25,13,35,2,0.28,0.62,0.18,0.26,5,https://onepiece.limitlesstcg.com/decks/list/6194,88,50.39
Green Mihawkby Cyber Bueno,OP14-020,Green,50,4.0,5892.0,8,8,10,0,0,4,1,0,7,16,15,21,9,37,4,0.16,0.46,0.2,0.18,6,https://onepiece.limitlesstcg.com/decks/list/6195,85,49.78
Green Mihawkby Planetzaydar,OP14-020,Green,50,3.62,5189.0,9,7,10,0,0,4,0,0,7,16,22,25,9,37,4,0.18,0.46,0.2,0.18,7,https://onepiece.limitlesstcg.com/decks/list/6196,82,49.78
Red/Blue Aceby Tzuwy,OP13-002,Blue Red,50,4.8,6294.0,8,21,11,2,2,3,0,0,9,19,14,14,8,42,0,0.16,0.56,0.22,0.16,8,https://onepiece.limitlesstcg.com/decks/list/6197,79,53.43
Red/Blue Aceby Sam Hsieh,OP13-002,Blue Red,50,4.82,6324.0,8,20,12,4,2,3,0,0,10,19,14,14,8,42,0,0.16,0.58,0.24,0.16,9,https://onepiece.limitlesstcg.com/decks/list/6198,76,53.43
Purple/Yellow Rosinanteby Maurizio Intini,OP12-061,Purple Yellow,50,3.16,4541.0,30,8,7,4,0,11,0,0,10,14,16,25,9,37,0,0.6,0.48,0.14,0.18,10,https://onepiece.limitlesstcg.com/decks/list/6199,73,33.33
Blue/Purple Sanjiby SenPie,OP12-041,Blue Purple,50,2.82,5133.0,11,18,6,0,0,11,0,0,4,6,21,22,32,18,0,0.22,0.2,0.12,0.64,11,https://onepiece.limitlesstcg.com/decks/list/6200,70,48.7
Black Imuby Spence Gibson,OP13-079,Black,50,3.66,6167.0,14,4,8,4,0,4,0,0,10,20,22,25,14,34,2,0.28,0.6,0.16,0.28,12,https://onepiece.limitlesstcg.com/decks/list/6019,67,50.39
Green Mihawkby Ed,OP14-020,Green,50,3.8,5514.0,7,4,7,0,0,3,0,0,8,17,21,24,9,37,4,0.14,0.5,0.14,0.18,13,https://onepiece.limitlesstcg.com/decks/list/6201,64,49.78
Green Mihawkby Karrar Al-Kanass,OP14-020,Green,50,3.7,5857.0,5,7,6,0,0,6,0,0,6,18,22,23,11,35,4,0.1,0.48,0.12,0.22,14,https://onepiece.limitlesstcg.com/decks/list/6202,61,49.78
Red/Green Luffyby Domob06,OP13-001,Green Red,50,2.86,4031.0,10,0,6,0,4,10,0,0,5,14,13,23,14,32,0,0.2,0.38,0.12,0.28,15,https://onepiece.limitlesstcg.com/decks/list/6203,58,48.41
Purple/Yellow Rosinanteby Marc St Romain,OP12-061,Purple Yellow,50,3.32,4692.0,31,8,7,4,0,11,0,0,10,15,16,23,7,39,0,0.62,0.5,0.14,0.14,16,https://onepiece.limitlesstcg.com/decks/list/6204,55,33.33
Red/Blue Aceby Teacabo,OP13-002,Blue Red,50,4.78,6382.0,8,22,11,3,2,2,0,0,8,20,12,12,8,42,0,0.16,0.56,0.22,0.16,17,https://onepiece.limitlesstcg.com/decks/list/6205,52,53.43
Purple/Yellow Rosinanteby Art,OP12-061,Purple Yellow,50,3.28,4684.0,32,8,6,4,0,12,0,0,10,14,16,24,8,38,0,0.64,0.48,0.12,0.16,18,https://onepiece.limitlesstcg.com/decks/list/6206,49,33.33
Black Imuby Picantejosey,OP13-079,Black,50,3.68,6167.0,15,4,9,4,0,4,0,0,9,21,21,25,14,34,2,0.3,0.6,0.18,0.28,19,https://onepiece.limitlesstcg.com/decks/list/6045,46,50.39
Red/Blue Aceby Pchan,OP13-002,Blue Red,50,5.06,6457.0,7,18,12,5,2,4,0,0,10,18,12,12,8,42,0,0.14,0.56,0.24,0.16,20,https://onepiece.limitlesstcg.com/decks/list/6207,43,53.43
Black Imuby Adderall,OP13-079,Black,50,3.7,6167.0,14,4,10,4,0,4,0,0,9,22,20,25,13,35,2,0.28,0.62,0.2,0.26,21,https://onepiece.limitlesstcg.com/decks/list/6136,40,50.39
Red/Blue Aceby Ashmeer,OP13-002,Blue Red,50,4.7,6206.0,8,22,11,2,2,3,0,0,9,19,14,14,8,42,0,0.16,0.56,0.22,0.16,22,https://onepiece.limitlesstcg.com/decks/list/6208,37,53.43
Blue/Purple Sanjiby Lafinte,OP12-041,Blue Purple,50,2.84,4875.0,10,19,5,0,0,10,0,0,6,7,21,21,30,20,0,0.2,0.26,0.1,0.6,23,https://onepiece.limitlesstcg.com/decks/list/6118,34,48.7
Green Mihawkby Chris Sok,OP14-020,Green,50,3.96,5757.0,8,6,9,0,0,4,0,0,7,18,16,21,9,37,4,0.16,0.5,0.18,0.18,24,https://onepiece.limitlesstcg.com/decks/list/6209,31,49.78
Black Imuby Gerardo Lopez,OP13-079,Black,50,3.68,6167.0,14,4,8,4,0,4,0,0,10,20,21,25,14,34,2,0.28,0.6,0.16,0.28,25,https://onepiece.limitlesstcg.com/decks/list/6210,28,50.39
