deck_name,deck_url,leader,placing,performance_score,leader_winrate,sim_winrate,avg_turns,counters_pg,searchers_pg,triggers_pg,final_score
Black Imuby Spence Gibson,https://onepiece.limitlesstcg.com/decks/list/6019,OP13-079,12,67.0,50.39,12.6,35.8,11298.0,1.5,0.2,45.7
Black Imuby EmperorOng,https://onepiece.limitlesstcg.com/decks/list/6045,OP13-079,3,94.0,50.39,11.2,35.0,11032.0,1.4,0.2,56.1
Blue/Purple Sanjiby Lafinte,https://onepiece.limitlesstcg.com/decks/list/6118,OP12-041,23,34.0,48.7,5.2,29.3,4654.0,0.0,0.7,29.8
Black Imuby Adderall,https://onepiece.limitlesstcg.com/decks/list/6136,OP13-079,21,40.0,50.39,9.0,35.3,12358.0,1.4,0.2,33.8
Green Mihawkby Phi Nguyen,https://onepiece.limitlesstcg.com/decks/list/6191,OP14-020,1,100.0,49.78,12.8,37.7,9232.0,2.5,0.2,58.8
Green Mihawkby KuroTCG,https://onepiece.limitlesstcg.com/decks/list/6192,OP14-020,2,97.0,49.78,7.6,38.9,11468.0,2.1,0.3,56.0
Purple/Yellow Rosinanteby Matt,https://onepiece.limitlesstcg.com/decks/list/6193,OP12-061,4,91.0,33.33,15.6,35.2,9698.0,3.7,0.5,51.1
Black Imuby Slizzy Rede,https://onepiece.limitlesstcg.com/decks/list/6194,OP13-079,5,88.0,50.39,8.4,34.8,12666.0,1.5,0.2,52.8
Green Mihawkby Cyber Bueno,https://onepiece.limitlesstcg.com/decks/list/6195,OP14-020,6,85.0,49.78,7.8,37.5,9636.0,2.3,0.2,51.3
Green Mihawkby Planetzaydar,https://onepiece.limitlesstcg.com/decks/list/6196,OP14-020,7,82.0,49.78,11.4,37.4,8976.0,2.5,0.3,51.2
Red/Blue Aceby Tzuwy,https://onepiece.limitlesstcg.com/decks/list/6197,OP13-002,8,79.0,53.43,56.4,32.1,11010.0,3.3,0.0,64.5
Red/Blue Aceby Sam Hsieh,https://onepiece.limitlesstcg.com/decks/list/6198,OP13-002,9,76.0,53.43,55.4,33.3,11418.0,3.3,0.0,63.0
Purple/Yellow Rosinanteby Maurizio Intini,https://onepiece.limitlesstcg.com/decks/list/6199,OP12-061,10,73.0,33.33,10.6,36.8,11224.0,3.7,0.7,42.4
Blue/Purple Sanjiby SenPie,https://onepiece.limitlesstcg.com/decks/list/6200,OP12-041,11,70.0,48.7,6.6,27.9,2988.0,0.0,0.6,44.6
Green Mihawkby Ed,https://onepiece.limitlesstcg.com/decks/list/6201,OP14-020,13,64.0,49.78,16.0,36.9,8852.0,1.9,0.2,45.3
Green Mihawkby Karrar Al-Kanass,https://onepiece.limitlesstcg.com/decks/list/6202,OP14-020,14,61.0,49.78,26.8,35.8,6852.0,1.4,0.4,47.4
Red/Green Luffyby Domob06,https://onepiece.limitlesstcg.com/decks/list/6203,OP13-001,15,58.0,48.41,1.0,31.0,5116.0,2.1,0.6,38.0
Purple/Yellow Rosinanteby Marc St Romain,https://onepiece.limitlesstcg.com/decks/list/6204,OP12-061,16,55.0,33.33,14.4,37.0,11548.0,3.9,0.6,36.3
Red/Blue Aceby Teacabo,https://onepiece.limitlesstcg.com/decks/list/6205,OP13-002,17,52.0,53.43,64.2,31.0,11132.0,3.4,0.0,56.1
Purple/Yellow Rosinanteby Art,https://onepiece.limitlesstcg.com/decks/list/6206,OP12-061,18,49.0,33.33,13.6,36.5,11070.0,3.8,0.6,33.7
Red/Blue Aceby Pchan,https://onepiece.limitlesstcg.com/decks/list/6207,OP13-002,20,43.0,53.43,54.8,34.0,12026.0,3.1,0.1,49.7
Red/Blue Aceby Ashmeer,https://onepiece.limitlesstcg.com/decks/list/6208,OP13-002,22,37.0,53.43,60.4,31.5,9826.0,3.3,0.1,48.9
Green Mihawkby Chris Sok,https://onepiece.limitlesstcg.com/decks/list/6209,OP14-020,24,31.0,49.78,10.8,37.7,10682.0,2.1,0.3,30.6
Black Imuby Brayan,https://onepiece.limitlesstcg.com/decks/list/6210,OP13-079,4,91.0,50.39,9.6,35.4,11696.0,1.5,0.2,54.4
Blue/Purple Luffyby ewin,https://onepiece.limitlesstcg.com/decks/list/6217,OP11-040,1,100.0,54.99,4.4,40.8,5994.0,0.8,0.1,57.8
Black Imuby CardBoardThugLife,https://onepiece.limitlesstcg.com/decks/list/6218,OP13-079,2,97.0,50.39,9.0,35.2,12092.0,1.4,0.2,56.6
Purple/Yellow Rosinanteby Clayton Hill,https://onepiece.limitlesstcg.com/decks/list/6219,OP12-061,3,94.0,33.33,13.0,38.2,12222.0,3.8,0.6,51.5
Red/Blue Aceby Dangief,https://onepiece.limitlesstcg.com/decks/list/6220,OP13-002,5,88.0,53.43,58.6,32.1,9906.0,3.3,0.1,68.8
Purple/Yellow Rosinanteby Nicholas Pao,https://onepiece.limitlesstcg.com/decks/list/6221,OP12-061,6,85.0,33.33,28.8,36.7,10526.0,4.2,0.7,52.6
Blue/Yellow Namiby Nicky Goldman’s biggest fan,https://onepiece.limitlesstcg.com/decks/list/6222,OP11-041,7,82.0,48.3,54.0,31.2,4594.0,1.0,1.2,63.5
Blue/Purple Sanjiby Dr. Yugioh,https://onepiece.limitlesstcg.com/decks/list/6223,OP12-041,8,79.0,48.7,5.2,28.5,2566.0,0.0,0.7,47.8
Blue/Yellow Namiby Luigi Amato,https://onepiece.limitlesstcg.com/decks/list/6224,OP11-041,1,100.0,48.3,54.0,30.5,4900.0,0.6,0.9,70.7
Purple Enelby Mirko Zanelli,https://onepiece.limitlesstcg.com/decks/list/6225,OP15-058,2,97.0,53.22,33.2,32.5,2982.0,2.7,0.1,64.7
Blue/Yellow Namiby Federico Mecozzi Marinangeli,https://onepiece.limitlesstcg.com/decks/list/6226,OP11-041,3,94.0,48.3,51.6,31.3,4840.0,1.0,1.0,67.6
Green/Purple Luffyby IceLoom,https://onepiece.limitlesstcg.com/decks/list/6227,EB02-010,4,91.0,52.96,24.8,30.0,3780.0,2.4,0.3,59.7
Red/Blue Aceby TrenoFelice,https://onepiece.limitlesstcg.com/decks/list/6228,OP13-002,5,88.0,53.43,60.0,31.9,9684.0,3.1,0.0,69.2
Red/Blue Lucyby Magyo,https://onepiece.limitlesstcg.com/decks/list/6229,OP15-002,6,85.0,50.6,15.0,28.7,3870.0,3.5,0.7,53.7
Purple Enelby Yonas Abraham,https://onepiece.limitlesstcg.com/decks/list/6230,OP15-058,7,82.0,53.22,28.8,32.4,3102.0,1.4,0.2,57.4
Red/Green Luffyby Julius Schürhoff,https://onepiece.limitlesstcg.com/decks/list/6231,OP13-001,8,79.0,48.41,1.0,30.8,6614.0,3.3,0.5,46.4
Purple Enelby Gabi313,https://onepiece.limitlesstcg.com/decks/list/6232,OP15-058,9,76.0,53.22,21.0,33.3,4154.0,2.9,0.1,52.7
Purple Enelby Giovanni Salvatore Oliva,https://onepiece.limitlesstcg.com/decks/list/6233,OP15-058,10,73.0,53.22,26.2,34.0,3954.0,2.2,0.1,53.0
Blue/Yellow Namiby Maurizio Intini,https://onepiece.limitlesstcg.com/decks/list/6234,OP11-041,11,70.0,48.3,57.8,32.6,4434.0,1.8,0.3,59.8
Blue/Yellow Namiby INTERISTASBARAZZINO,https://onepiece.limitlesstcg.com/decks/list/6235,OP11-041,12,67.0,48.3,60.4,31.0,4266.0,0.6,0.9,59.4
Purple Enelby stathisv13,https://onepiece.limitlesstcg.com/decks/list/6236,OP15-058,13,64.0,53.22,23.6,33.0,3692.0,2.9,0.1,48.6
Purple Enelby Voice,https://onepiece.limitlesstcg.com/decks/list/6237,OP15-058,14,61.0,53.22,16.8,33.3,4500.0,3.0,0.2,45.4
Red/Blue Lucyby Brian D. TCG,https://onepiece.limitlesstcg.com/decks/list/6238,OP15-002,15,58.0,50.6,10.2,26.8,2098.0,2.3,0.7,41.4
Yellow Enelby MerryTCG,https://onepiece.limitlesstcg.com/decks/list/6239,OP05-098,16,55.0,46.19,68.2,27.9,3060.0,1.0,0.9,56.3
Red/Blue Lucyby Mirco Morscio,https://onepiece.limitlesstcg.com/decks/list/6240,OP15-002,17,52.0,50.6,7.2,28.7,3538.0,2.4,0.6,38.1
Blue/Yellow Namiby Matteo Rimondini,https://onepiece.limitlesstcg.com/decks/list/6241,OP11-041,20,43.0,48.3,56.4,31.6,4380.0,0.5,1.0,48.6
Red/Blue Viviby Arca,https://onepiece.limitlesstcg.com/decks/list/6242,EB03-001,21,40.0,46.15,46.2,34.4,7394.0,1.5,0.0,43.7
Purple Enelby Luka Forjan,https://onepiece.limitlesstcg.com/decks/list/6243,OP15-058,22,37.0,53.22,23.4,33.3,3998.0,3.0,0.2,37.8
Blue/Yellow Namiby Maximilian Lorenz,https://onepiece.limitlesstcg.com/decks/list/6244,OP11-041,23,34.0,48.3,47.0,32.6,4754.0,0.8,1.0,42.2
Blue/Yellow Namiby LOL345kian,https://onepiece.limitlesstcg.com/decks/list/6245,OP11-041,24,31.0,48.3,56.6,30.8,4654.0,0.5,0.9,43.9
Purple Enelby Benjamin Gayraud,https://onepiece.limitlesstcg.com/decks/list/6246,OP15-058,25,28.0,53.22,23.8,32.9,3956.0,2.9,0.2,34.3
Red/Blue Lucyby Corentin,https://onepiece.limitlesstcg.com/decks/list/6247,OP15-002,26,25.0,50.6,9.0,27.6,3194.0,2.9,0.7,27.9
Red/Blue Lucyby Domenico,https://onepiece.limitlesstcg.com/decks/list/6248,OP15-002,24,31.0,50.6,13.4,27.2,2574.0,3.4,0.6,31.6
Purple Enelby Hrvoje Hedžet,https://onepiece.limitlesstcg.com/decks/list/6249,OP15-058,28,19.0,53.22,26.0,33.8,3534.0,3.0,0.1,31.4
Purple Enelby Andres Sempere Rico,https://onepiece.limitlesstcg.com/decks/list/6250,OP15-058,29,16.0,53.22,23.0,32.9,3794.0,1.9,0.1,29.3
Purple Enelby Miky97,https://onepiece.limitlesstcg.com/decks/list/6251,OP15-058,30,13.0,53.22,15.6,34.1,4020.0,2.6,0.2,25.8
Purple Enelby Dirk Triebe,https://onepiece.limitlesstcg.com/decks/list/6252,OP15-058,31,10.0,53.22,26.2,33.6,3422.0,3.0,0.1,27.8
Red/Blue Aceby Magicjaspe,https://onepiece.limitlesstcg.com/decks/list/6253,OP13-002,1,100.0,53.43,71.2,30.7,9185.0,3.2,0.0,77.4
Blue/Yellow Namiby Arman Haji-Ghassemi,https://onepiece.limitlesstcg.com/decks/list/6254,OP11-041,2,97.0,48.3,73.4,29.2,3062.0,1.0,0.2,75.3
Red/Blue Lucyby Roberto,https://onepiece.limitlesstcg.com/decks/list/6255,OP15-002,3,94.0,50.6,14.0,27.1,3518.0,3.3,0.7,57.0
Blue/Yellow Namiby Kasi94,https://onepiece.limitlesstcg.com/decks/list/6256,OP11-041,4,91.0,48.3,51.8,32.2,4648.0,0.4,0.8,66.4
Red/Blue Lucyby Yuri Del Governatore,https://onepiece.limitlesstcg.com/decks/list/6257,OP15-002,5,88.0,50.6,17.0,27.7,1774.0,2.3,0.7,55.5
Red/Green Luffyby Julius Schürhoff,https://onepiece.limitlesstcg.com/decks/list/6258,OP13-001,6,85.0,48.41,0.2,33.1,6682.0,3.2,0.5,48.6
Green Mihawkby D.iego Ap,https://onepiece.limitlesstcg.com/decks/list/6259,OP14-020,7,82.0,49.78,10.8,36.9,7612.0,2.8,0.3,51.0
Purple Enelby Hanno Hügelschäfer,https://onepiece.limitlesstcg.com/decks/list/6260,OP15-058,8,79.0,53.22,22.0,34.7,5354.0,2.4,0.2,54.2
Purple Enelby Fabian Godglück,https://onepiece.limitlesstcg.com/decks/list/6261,OP15-058,9,76.0,53.22,28.0,33.8,4456.0,1.4,0.2,54.8
Red/Blue Aceby Nikolay Baydanov,https://onepiece.limitlesstcg.com/decks/list/6262,OP13-002,10,73.0,53.43,58.8,32.4,10546.0,3.1,0.0,62.9
Green Mihawkby Socke,https://onepiece.limitlesstcg.com/decks/list/6263,OP14-020,11,70.0,49.78,10.0,38.4,9646.0,2.9,0.3,45.9
Purple Enelby Flex,https://onepiece.limitlesstcg.com/decks/list/6264,OP15-058,12,67.0,53.22,24.2,33.3,4320.0,1.4,0.2,50.0
Yellow Luffyby David Melendo Villena,https://onepiece.limitlesstcg.com/decks/list/6265,OP15-098,13,64.0,49.71,43.2,36.2,9382.0,2.6,0.4,53.5
Purple Enelby Žan Kralj,https://onepiece.limitlesstcg.com/decks/list/6266,OP15-058,14,61.0,53.22,24.8,34.4,4724.0,1.4,0.2,47.8
Purple Enelby Ruar Hauramany,https://onepiece.limitlesstcg.com/decks/list/6267,OP15-058,16,55.0,53.22,36.2,31.8,3122.0,2.3,0.2,48.8
Purple Enelby Enricomaria Rustico,https://onepiece.limitlesstcg.com/decks/list/6268,OP15-058,1,100.0,53.22,35.6,33.2,4212.0,1.6,0.1,66.6
Purple Enelby Petridis Georgios,https://onepiece.limitlesstcg.com/decks/list/6269,OP15-058,2,97.0,53.22,39.4,32.0,2756.0,1.9,0.1,66.6
Red/Blue Lucyby JeeOPTCG,https://onepiece.limitlesstcg.com/decks/list/6270,OP15-002,29,16.0,50.6,17.2,27.0,2366.0,3.3,0.6,26.7
Green Mihawkby momi961,https://onepiece.limitlesstcg.com/decks/list/6271,OP14-020,4,91.0,49.78,16.2,35.7,7454.0,2.8,0.4,56.2
Blue/Yellow Namiby moy,https://onepiece.limitlesstcg.com/decks/list/6272,OP11-041,3,94.0,48.3,62.0,30.1,4972.0,0.7,0.7,70.7
Purple Enelby Andres Sempere Rico,https://onepiece.limitlesstcg.com/decks/list/6273,OP15-058,6,85.0,53.22,38.8,32.4,2970.0,2.1,0.1,61.6
Blue/Yellow Namiby Imran,https://onepiece.limitlesstcg.com/decks/list/6274,OP11-041,7,82.0,48.3,72.8,28.5,3392.0,1.1,0.3,69.1
Red/Green Luffyby SSL GreeD,https://onepiece.limitlesstcg.com/decks/list/6275,OP13-001,8,79.0,48.41,1.4,32.6,7148.0,3.7,0.5,46.5
Blue/Yellow Namiby Key,https://onepiece.limitlesstcg.com/decks/list/6276,OP11-041,9,76.0,48.3,60.2,30.3,4628.0,0.7,0.9,63.0
Yellow Luffyby Marco Pastorello,https://onepiece.limitlesstcg.com/decks/list/6277,OP15-098,10,73.0,49.71,51.2,35.9,9810.0,3.0,0.3,59.5
Purple Enelby Unopezzo,https://onepiece.limitlesstcg.com/decks/list/6278,OP15-058,12,67.0,53.22,27.0,33.7,4238.0,1.5,0.2,50.9
Yellow Enelby Sebastian Matuszak,https://onepiece.limitlesstcg.com/decks/list/6279,OP05-098,13,64.0,46.19,43.4,33.2,6652.0,0.4,0.9,52.5
Red/Blue Lucyby Jack,https://onepiece.limitlesstcg.com/decks/list/6280,OP15-002,14,61.0,50.6,32.6,27.3,1426.0,2.3,0.4,49.4
Red/Blue Lucyby Dipper,https://onepiece.limitlesstcg.com/decks/list/6281,OP15-002,15,58.0,50.6,21.6,28.6,3024.0,2.4,0.5,44.9
Purple Enelby Joo-Ho Ahn,https://onepiece.limitlesstcg.com/decks/list/6282,OP15-058,16,55.0,53.22,23.4,34.0,5026.0,3.1,0.2,45.0
Blue/Yellow Namiby PimentonAsado,https://onepiece.limitlesstcg.com/decks/list/6283,OP11-041,2,97.0,48.3,60.2,30.5,3906.0,0.7,0.7,71.4
Purple Enelby Matias Castro,https://onepiece.limitlesstcg.com/decks/list/6284,OP15-058,3,94.0,53.22,32.2,31.9,3500.0,1.8,0.2,63.2
Purple Enelby Capt_Karoo,https://onepiece.limitlesstcg.com/decks/list/6285,OP15-058,4,91.0,53.22,24.2,33.9,4470.0,2.1,0.2,59.6
Blue/Yellow Namiby Jose Luis Buezo,https://onepiece.limitlesstcg.com/decks/list/6286,OP11-041,5,88.0,48.3,62.0,28.9,3992.0,0.8,0.8,68.3
Purple Enelby Néstor Iván Rivera Espinosa,https://onepiece.limitlesstcg.com/decks/list/6287,OP15-058,6,85.0,53.22,28.6,33.0,3798.0,2.3,0.2,58.5
Purple Enelby foca,https://onepiece.limitlesstcg.com/decks/list/6288,OP15-058,7,82.0,53.22,38.2,31.3,3280.0,1.5,0.2,60.2
Purple Enelby Dutinho1209,https://onepiece.limitlesstcg.com/decks/list/6289,OP15-058,8,79.0,53.22,33.8,31.6,3762.0,1.4,0.2,57.7
Purple Enelby Alexander Gonzalez,https://onepiece.limitlesstcg.com/decks/list/6290,OP15-058,9,76.0,53.22,26.2,32.9,3836.0,1.8,0.2,54.2
Red/Blue Aceby Windalf,https://onepiece.limitlesstcg.com/decks/list/6291,OP13-002,13,64.0,53.43,57.2,32.4,10674.0,3.1,0.0,58.8
Green Mihawkby Arkros,https://onepiece.limitlesstcg.com/decks/list/6292,OP14-020,15,58.0,49.78,7.4,37.1,9586.0,2.2,0.5,40.4
Red/Green Luffyby LuffyCapoeira,https://onepiece.limitlesstcg.com/decks/list/6293,OP13-001,16,55.0,48.41,0.2,31.1,5382.0,2.2,0.7,36.6
Red/Blue Aceby Mati Segura,https://onepiece.limitlesstcg.com/decks/list/6294,OP13-002,17,52.0,53.43,66.0,30.9,9238.0,3.2,0.0,56.6
Purple Enelby celotcg,https://onepiece.limitlesstcg.com/decks/list/6295,OP15-058,18,49.0,53.22,26.6,32.7,3684.0,2.9,0.1,43.5
Yellow Kalgaraby Dead0,https://onepiece.limitlesstcg.com/decks/list/6296,OP08-098,19,46.0,40.68,52.4,36.0,8728.0,2.4,0.3,46.3
Blue/Yellow Namiby Tigrinho D. Bengala,https://onepiece.limitlesstcg.com/decks/list/6297,OP11-041,20,43.0,48.3,52.0,32.3,5336.0,1.5,0.7,47.3
Blue/Yellow Namiby deus_da_sabedoria,https://onepiece.limitlesstcg.com/decks/list/6298,OP11-041,21,40.0,48.3,50.4,31.8,4968.0,1.0,0.9,45.6
Red/Blue Lucyby Pepi,https://onepiece.limitlesstcg.com/decks/list/6299,OP15-002,22,37.0,50.6,13.6,28.2,4016.0,3.0,0.5,34.1
Red/Blue Lucyby toledo,https://onepiece.limitlesstcg.com/decks/list/6300,OP15-002,23,34.0,50.6,14.2,28.1,3228.0,2.4,0.6,33.0
Purple Enelby APENAS Místico,https://onepiece.limitlesstcg.com/decks/list/6301,OP15-058,25,28.0,53.22,27.4,34.1,4424.0,1.4,0.2,35.4
Purple Enelby KT Guanaquin,https://onepiece.limitlesstcg.com/decks/list/6302,OP15-058,26,25.0,53.22,35.2,33.0,3436.0,1.8,0.2,36.5
Purple Enelby Brokenkokoro,https://onepiece.limitlesstcg.com/decks/list/6303,OP15-058,27,22.0,53.22,32.4,32.7,3496.0,2.2,0.1,34.5
Purple Enelby Marco Morales,https://onepiece.limitlesstcg.com/decks/list/6304,OP15-058,28,19.0,53.22,27.4,32.6,3786.0,1.5,0.1,31.8
Red/Blue Aceby Sambanation,https://onepiece.limitlesstcg.com/decks/list/6305,OP13-002,29,16.0,53.43,59.8,32.2,12314.0,3.3,0.0,40.4
Blue/Yellow Namiby shiray,https://onepiece.limitlesstcg.com/decks/list/6306,OP11-041,30,13.0,48.3,63.0,29.7,4512.0,0.7,0.6,38.6
Green/Purple Luffyby Rafael Takashi,https://onepiece.limitlesstcg.com/decks/list/6307,EB02-010,31,10.0,52.96,27.4,29.2,3982.0,2.5,0.3,28.1
Green Mihawkby NeverSplit10s,https://onepiece.limitlesstcg.com/decks/list/6308,OP14-020,32,7.0,49.78,12.6,38.0,10078.0,3.1,0.3,21.5
Purple Enelby Luka Forjan,https://onepiece.limitlesstcg.com/decks/list/6345,OP15-058,1,100.0,53.22,26.5,32.9,4297.5,2.2,0.2,63.9
Black Crocodileby boys don't cry,https://onepiece.limitlesstcg.com/decks/list/6346,OP14-079,2,97.0,49.84,23.8,38.7,9808.0,1.4,0.4,60.9
Purple Enelby Xixo,https://onepiece.limitlesstcg.com/decks/list/6347,OP15-058,3,94.0,53.22,34.0,31.6,3292.0,1.9,0.2,63.8
Blue/Yellow Namiby Lozi,https://onepiece.limitlesstcg.com/decks/list/6348,OP11-041,4,91.0,48.3,65.4,29.4,4686.0,0.7,0.3,70.5
Purple Enelby fxelxy,https://onepiece.limitlesstcg.com/decks/list/6349,OP15-058,5,88.0,53.22,30.8,33.3,4212.0,1.9,0.2,60.4
Green Mihawkby Kuuguya,https://onepiece.limitlesstcg.com/decks/list/6350,OP14-020,6,85.0,49.78,13.6,37.1,8306.0,2.8,0.3,53.0
Purple Enelby Jackson Hoang,https://onepiece.limitlesstcg.com/decks/list/6351,OP15-058,7,82.0,53.22,26.6,33.3,4462.0,1.4,0.2,56.7
Purple Enelby Bouzyyy,https://onepiece.limitlesstcg.com/decks/list/6352,OP15-058,9,76.0,53.22,32.2,31.8,2884.0,1.5,0.2,56.0
Yellow Luffyby Kevin Pires,https://onepiece.limitlesstcg.com/decks/list/6353,OP15-098,1,100.0,49.71,49.5,35.5,9562.5,2.8,0.3,69.8
Purple Enelby Victiny,https://onepiece.limitlesstcg.com/decks/list/6354,OP15-058,11,70.0,53.22,31.6,33.2,3912.0,1.9,0.2,53.4
Blue/Yellow Namiby Russell LaParre,https://onepiece.limitlesstcg.com/decks/list/6355,OP11-041,12,67.0,48.3,58.6,30.1,4374.0,0.6,0.7,58.9
Black Crocodileby G3 Lelouch,https://onepiece.limitlesstcg.com/decks/list/6356,OP14-079,13,64.0,49.84,25.2,39.4,10354.0,1.5,0.4,48.1
Purple Enelby Fabian Godglück,https://onepiece.limitlesstcg.com/decks/list/6357,OP15-058,14,61.0,53.22,32.8,32.6,3542.0,1.9,0.2,50.2
Purple Enelby gary,https://onepiece.limitlesstcg.com/decks/list/6358,OP15-058,15,58.0,53.22,31.8,32.2,4266.0,1.4,0.2,48.7
Blue/Yellow Namiby AceOfSpades,https://onepiece.limitlesstcg.com/decks/list/6359,OP11-041,16,55.0,48.3,60.2,29.9,4480.0,0.9,0.7,54.5
Purple Enelby Tyler,https://onepiece.limitlesstcg.com/decks/list/6360,OP15-058,17,52.0,53.22,29.0,34.0,3876.0,2.2,0.1,45.5
Purple Enelby Ryan Dinh,https://onepiece.limitlesstcg.com/decks/list/6361,OP15-058,18,49.0,53.22,31.8,33.3,3910.0,1.4,0.2,45.1
Red/Blue Aceby Scrimminz,https://onepiece.limitlesstcg.com/decks/list/6362,OP13-002,20,43.0,53.43,69.2,30.7,12030.0,3.6,0.0,54.0
Blue/Yellow Namiby O(wen²),https://onepiece.limitlesstcg.com/decks/list/6363,OP11-041,21,40.0,48.3,61.2,29.4,4698.0,0.7,0.7,48.8
Red/Blue Lucyby Alex T.,https://onepiece.limitlesstcg.com/decks/list/6364,OP15-002,22,37.0,50.6,15.8,28.2,3890.0,3.3,0.6,34.7
Blue/Yellow Namiby YunshangRiceNoodles,https://onepiece.limitlesstcg.com/decks/list/6365,OP11-041,23,34.0,48.3,71.8,29.6,3552.0,0.9,0.2,49.6
Green Mihawkby Reykoh,https://onepiece.limitlesstcg.com/decks/list/6366,OP14-020,25,28.0,49.78,7.0,36.1,7912.0,3.2,0.3,28.2
Purple Enelby Teapo,https://onepiece.limitlesstcg.com/decks/list/6367,OP15-058,26,25.0,53.22,40.0,31.9,3018.0,1.6,0.2,38.0
Purple Enelby Yonas Abraham,https://onepiece.limitlesstcg.com/decks/list/6368,OP15-058,27,22.0,53.22,33.5,32.0,2562.5,1.5,0.2,34.8
Purple Enelby JX,https://onepiece.limitlesstcg.com/decks/list/6369,OP15-058,28,19.0,53.22,28.2,33.1,4542.0,1.8,0.2,32.0
Red/Blue Aceby Bootylover26,https://onepiece.limitlesstcg.com/decks/list/6370,OP13-002,30,13.0,53.43,66.6,31.4,12082.0,3.5,0.0,41.2
Blue/Yellow Namiby Brian G.,https://onepiece.limitlesstcg.com/decks/list/6371,OP11-041,31,10.0,48.3,64.4,29.8,4560.0,0.7,0.8,37.8
Purple Enelby JimmyZ,https://onepiece.limitlesstcg.com/decks/list/6372,OP15-058,32,7.0,53.22,25.4,33.8,3988.0,2.2,0.1,26.4
Blue/Yellow Namiby Vladman,https://onepiece.limitlesstcg.com/decks/list/6373,OP11-041,2,97.0,48.3,60.4,30.5,4784.0,0.6,0.8,71.4
Purple Enelby Shane Nam,https://onepiece.limitlesstcg.com/decks/list/6374,OP15-058,7,82.0,53.22,32.8,32.7,3754.0,1.6,0.2,58.6
Purple Enelby Shizukaio,https://onepiece.limitlesstcg.com/decks/list/6375,OP15-058,4,91.0,53.22,31.6,32.9,3710.0,1.4,0.3,61.8
Purple Enelby Deep,https://onepiece.limitlesstcg.com/decks/list/6376,OP15-058,5,88.0,53.22,28.6,32.4,3650.0,1.5,0.2,59.7
Purple Enelby Kevin Zhao,https://onepiece.limitlesstcg.com/decks/list/6377,OP15-058,6,85.0,53.22,27.4,33.8,4412.0,2.3,0.2,58.2
Yellow Luffyby Nicholas Pao,https://onepiece.limitlesstcg.com/decks/list/6378,OP15-098,7,82.0,49.71,45.2,37.0,10378.0,2.8,0.3,61.3
Red/Green Luffyby DoubleD,https://onepiece.limitlesstcg.com/decks/list/6379,OP13-001,8,79.0,48.41,0.2,33.6,7418.0,2.9,0.4,46.2
Yellow Luffyby Ryuto,https://onepiece.limitlesstcg.com/decks/list/6380,OP15-098,9,76.0,49.71,46.0,35.7,9868.0,2.8,0.1,59.1
Purple Enelby Hilal,https://onepiece.limitlesstcg.com/decks/list/6381,OP15-058,10,73.0,53.22,18.0,35.2,4996.0,2.5,0.1,50.6
Yellow Luffyby Patrick,https://onepiece.limitlesstcg.com/decks/list/6382,OP15-098,11,70.0,49.71,47.8,36.5,10338.0,2.9,0.4,57.3
Purple Enelby Randy,https://onepiece.limitlesstcg.com/decks/list/6383,OP15-058,13,64.0,53.22,32.8,33.2,4512.0,2.7,0.2,51.4
Yellow Luffyby &”!AAaron,https://onepiece.limitlesstcg.com/decks/list/6384,OP15-098,14,61.0,49.71,44.6,36.4,10870.0,2.7,0.5,52.7
Purple Enelby Hunrah,https://onepiece.limitlesstcg.com/decks/list/6385,OP15-058,15,58.0,53.22,36.8,31.1,3298.0,1.5,0.1,50.2
Purple Enelby Leandro Corrochano Lopes,https://onepiece.limitlesstcg.com/decks/list/6386,OP15-058,16,55.0,53.22,33.8,31.9,3556.0,2.2,0.2,48.1
Purple Enelby Roy Choi,https://onepiece.limitlesstcg.com/decks/list/6387,OP15-058,2,97.0,53.22,23.8,34.0,4716.0,1.7,0.2,61.9
Yellow Luffyby Nicholas Pao,https://onepiece.limitlesstcg.com/decks/list/6388,OP15-098,8,79.0,49.71,50.2,35.5,8976.0,2.9,0.3,61.6
Purple Enelby Dr.RB,https://onepiece.limitlesstcg.com/decks/list/6389,OP15-058,9,76.0,53.22,34.8,32.2,3462.0,1.8,0.2,56.8
Red/Blue Lucyby Benjamin Gayraud,https://onepiece.limitlesstcg.com/decks/list/6390,OP15-002,10,73.0,50.6,27.2,27.8,2074.0,2.9,0.5,52.5
Red/Yellow Bonneyby AkemiTCG,https://onepiece.limitlesstcg.com/decks/list/6391,EB04-001,11,70.0,46.05,24.2,37.2,11444.0,1.4,0.2,49.1
Red/Blue Aceby You got a bye,https://onepiece.limitlesstcg.com/decks/list/6392,OP13-002,12,67.0,53.43,62.0,32.5,11510.0,3.3,0.0,61.4
Purple Enelby Quinton Brown,https://onepiece.limitlesstcg.com/decks/list/6393,OP15-058,13,64.0,53.22,30.4,33.5,4242.0,1.4,0.2,50.7
Blue/Yellow Namiby BigTeach,https://onepiece.limitlesstcg.com/decks/list/6394,OP11-041,14,61.0,48.3,64.0,29.7,4282.0,1.1,0.7,58.1
Purple Enelby Ji Oh,https://onepiece.limitlesstcg.com/decks/list/6395,OP15-058,15,58.0,53.22,33.2,33.3,3520.0,1.9,0.2,49.1
Red/Blue Lucyby Athavan Thevadasan,https://onepiece.limitlesstcg.com/decks/list/6396,OP15-002,16,55.0,50.6,22.4,27.5,2128.0,2.1,0.7,43.9
Purple Enelby Stefano Fabri,https://onepiece.limitlesstcg.com/decks/list/6397,OP15-058,1,100.0,53.22,33.0,32.1,3340.0,1.4,0.2,65.9
Purple Enelby Francesco Liuzzi,https://onepiece.limitlesstcg.com/decks/list/6398,OP15-058,3,94.0,53.22,23.8,33.8,5038.0,1.4,0.2,60.7
Red/Blue Lucyby Andrea Zanotti,https://onepiece.limitlesstcg.com/decks/list/6399,OP15-002,4,91.0,50.6,29.2,27.6,1844.0,2.3,0.7,60.3
Purple Enelby Gaston Buhler,https://onepiece.limitlesstcg.com/decks/list/6400,OP15-058,5,88.0,53.22,33.8,33.4,3526.0,2.2,0.2,61.3
Purple Enelby Sedat Dag,https://onepiece.limitlesstcg.com/decks/list/6401,OP15-058,6,85.0,53.22,27.6,33.3,3986.0,2.2,0.2,58.2
Red/Blue Aceby Sergio Fernández Serra,https://onepiece.limitlesstcg.com/decks/list/6402,OP13-002,7,82.0,53.43,62.8,30.8,9510.0,3.3,0.0,67.7
Purple Enelby Juan Méndez Casado,https://onepiece.limitlesstcg.com/decks/list/6403,OP15-058,10,73.0,53.22,26.8,33.4,4380.0,1.4,0.2,53.2
Blue/Yellow Namiby Gianmarco Graziano,https://onepiece.limitlesstcg.com/decks/list/6404,OP11-041,14,61.0,48.3,63.6,30.1,4408.0,0.7,0.8,58.0
Red/Blue Aceby Yuri Mantovan,https://onepiece.limitlesstcg.com/decks/list/6405,OP13-002,12,67.0,53.43,50.2,33.2,9388.0,3.0,0.1,57.9
Red/Blue Aceby Damian Arauz,https://onepiece.limitlesstcg.com/decks/list/6406,OP13-002,16,55.0,53.43,59.2,31.6,10412.0,3.3,0.0,55.8
Blue/Yellow Namiby Alvaro Garnica,https://onepiece.limitlesstcg.com/decks/list/6407,OP11-041,11,70.0,48.3,59.4,29.8,4686.0,0.6,0.9,60.3
Red/Green Luffyby Anastasios Argiropoulos,https://onepiece.limitlesstcg.com/decks/list/6408,OP13-001,15,58.0,48.41,1.4,30.9,6006.0,3.0,0.5,38.1
Purple Enelby Theodore Zimmerman,https://onepiece.limitlesstcg.com/decks/list/6409,OP15-058,9,76.0,53.22,29.6,32.1,4288.0,1.9,0.1,55.2
Purple Enelby Juan Soriano,https://onepiece.limitlesstcg.com/decks/list/6410,OP15-058,23,34.0,53.22,35.2,32.2,2688.0,2.3,0.2,40.1
Green Mihawkby Jan Hoffacker,https://onepiece.limitlesstcg.com/decks/list/6411,OP14-020,28,19.0,49.78,13.0,34.9,6276.0,2.8,0.2,26.4
Purple Enelby Giorgio Saraniero,https://onepiece.limitlesstcg.com/decks/list/6412,OP15-058,27,22.0,53.22,28.4,33.3,4198.0,1.4,0.2,33.3
Purple Enelby Cameron Varden,https://onepiece.limitlesstcg.com/decks/list/6413,OP15-058,17,52.0,53.22,34.6,32.6,3562.0,1.4,0.2,47.1
Red/Blue Aceby Borja Camilo,https://onepiece.limitlesstcg.com/decks/list/6414,OP13-002,21,40.0,53.43,55.8,33.5,11012.0,3.1,0.0,48.8
Green Mihawkby Matteo Tosetti,https://onepiece.limitlesstcg.com/decks/list/6415,OP14-020,31,10.0,49.78,14.2,37.0,8078.0,3.0,0.3,23.2
Purple Enelby Cristian García Franco,https://onepiece.limitlesstcg.com/decks/list/6416,OP15-058,25,28.0,53.22,28.2,33.7,4224.0,1.8,0.2,35.6
Blue/Yellow Namiby Huu Son Tung Do,https://onepiece.limitlesstcg.com/decks/list/6417,OP11-041,22,37.0,48.3,61.0,30.3,4710.0,0.7,0.8,47.6
Green Bonneyby Sebastián Urbano,https://onepiece.limitlesstcg.com/decks/list/6418,OP07-019,29,16.0,50.14,17.4,39.0,10940.0,2.1,0.1,26.7
Blue Jinbeby Manuel Morato,https://onepiece.limitlesstcg.com/decks/list/6419,OP14-040,26,25.0,51.44,19.0,38.4,11216.0,4.0,0.1,31.1
Blue/Yellow Namiby Fernando da Silva Rodriguez,https://onepiece.limitlesstcg.com/decks/list/6420,OP11-041,18,49.0,48.3,57.4,31.3,5156.0,0.6,0.7,51.3
Purple Enelby Thomas Atkinson,https://onepiece.limitlesstcg.com/decks/list/6421,OP15-058,24,31.0,53.22,27.8,34.9,4732.0,1.4,0.2,36.7
